3,837,南投縣,瑞龍堂中醫診所,名間鄉彰南路186號
4,835,南投縣,鼎億堂中醫診所,南投縣竹山鎮集山路三段213號
5,825,南投縣,宏昌中醫診所,草屯鎮虎山路827號
6,810,南投縣,濟生中醫診所,埔里鎮中正路435號
7,1506,南投縣,中興大愛中醫診所,南投縣南投市學藝路5號
8,806,南投縣,詠祥中醫診所,南投市中山街191號1樓
9,797,南投縣,元和堂中醫診所,南投市仁德路57號
10,829,南投縣,承心中醫診所,草屯鎮草鞋墩一街5、7號1F
11,809,南投縣,十方中醫診所,埔里鎮西安路1段333號
12,826,南投縣,永安中醫診所,南投縣草屯鎮明賢街一段28號
13,795,南投縣,德安中醫診所,南投市彰南路2段510號
14,813,南投縣,元濟中醫診所,埔里鎮中華路257號
15,839,南投縣,和平中醫診所,水里鄉民權路252號
16,798,南投縣,隆安中醫診所,南投市彰南路2段8號
17,816,南投縣,首茗中醫診所,埔里鎮東華路120號1F
18,817,南投縣,平安中醫診所,埔里鎮八德路12-2號1樓
19,796,南投縣,一品堂中醫診所,南投市復興路78號
20,803,南投縣,富康中醫診所,南投市祖祠路275號1樓
21,800,南投縣,維康中醫診所,南投市三和一路87號
22,822,南投縣,聖明中醫診所,草屯鎮碧山南路30號
23,818,南投縣,民生中醫診所,埔里鎮民生路137號1樓
24,792,南投縣,台中榮民總醫院埔里分院,埔里鎮榮光路1號
25,793,南投縣,竹山秀傳醫院,竹山鎮集山路2段75號
26,794,南投縣,埔里基督教醫院,埔里鎮鐵山路1號
27,799,南投縣,聖恩中醫診所,南投市嘉和北路17.19號1樓
28,801,南投縣,順安中醫診所,南投市大同街149號
29,804,南投縣,禾安中醫診所,南投市民族路260號
30,805,南投縣,福氣中醫診所,草屯鎮虎山路69號1F
31,807,南投縣,冠雲中醫診所,埔里鎮中山路2段351號
32,808,南投縣,施治寰中醫診所,埔里鎮南昌街183號
33,811,南投縣,福康中醫診所,埔里鎮中山路2段92號
34,812,南投縣,大眾中醫診所,埔里鎮南昌街202號
35,814,南投縣,普仁中醫診所,埔里鎮東峰路19號
36,815,南投縣,裕生中醫診所,埔里鎮四維路26~1號1F
37,819,南投縣,晟瑞中醫診所,埔里鎮信義路335巷1號1樓
38,820,南投縣,明山中醫診所,草屯鎮炎峰街17號
39,821,南投縣,蒼生中醫診所,草屯鎮草溪路959號
40,823,南投縣,洪日宏中醫診所,草屯鎮太平路1段503號1樓
41,824,南投縣,鴻濟中醫診所,草屯鎮碧山南路112-1號
42,827,南投縣,開明堂中醫診所,草屯鎮虎山路519號
43,828,南投縣,豐本中醫診所,草屯鎮中山街216號
44,830,南投縣,唐中醫診所,草屯鎮新生路169號
45,831,南投縣,言臻中醫診所,草屯鎮太平路2段198號1F
46,832,南投縣,永隆中醫診所,草屯鎮太平路1段95~1號1、2樓
47,833,南投縣,萬安中醫診所,竹山鎮集山路3段785號
48,834,南投縣,大明中醫診所,竹山鎮大明路183號
49,836,南投縣,佑生中醫診所,名間鄉員集路126號
50,838,南投縣,保生堂中醫診所,水里鄉民權路130號
51,840,南投縣,寶光中醫診所,水里鄉民族路356號1樓
52,1545,南投縣,坤融中醫診所,南投市中山街154號1F
53,1546,南投縣,智全中醫診所,埔里鎮南興街279號
54,1547,南投縣,惠群中醫診所,竹山鎮橫街60號
55,1548,南投縣,益品安中醫診所,水里鄉民生路387號1樓
56,742,台中市,許美照中醫診所,台中市南屯區文心南五路一段642號1、2樓
57,1537,台中市,仁一中醫診所,臺中市大里區東興里東明路271號
58,1590,台中市,廣和中醫診所,台中市大雅區學府路250巷44號
59,723,台中市,宜德中醫診所,台中市北區天祥街72號
60,708,台中市,DR.SHEN醫豪中醫診所,台中市西區金山路29號
61,1564,台中市,大台中和平中醫診所,台中市中區民權路156號1樓
62,649,台中市,聖沅中醫診所,台中市東區十甲路439號
63,735,台中市,漢昇中醫診所,台中市南屯區忠勇路27-3號
64,736,台中市,維信華信聯合門診華信中醫診所,台中市南屯區大墩路471號
65,716,台中市,酉安中醫診所,台中市南區美村南路113號一樓
66,1599,台中市,大立內外科中醫診所,台中市東區復興路四段218-1號
67,745,台中市,安泰中醫診所,台中市北屯區昌平路一段105之10號
68,717,台中市,信宏中醫診所,台中市南區永東街49號
69,731,台中市,啟源中醫診所,台中市西屯區西屯路三段166～3號
70,648,台中市,許啟仁中醫診所,台中市大里區永隆路31號
71,686,台中市,歆安中醫診所,台中巿北屯區東山路一段204號
72,680,台中市,大謙經典中醫,台中市南屯區五權西路二段167號
73,691,台中市,賀康中醫診所,台中市北屯區景賢路99號
74,715,台中市,世傳中醫診所,台中市南區復興路二段34-7號
75,699,台中市,崇毓中醫診所,台中市東區十甲東路828號
76,1447,台中市,羅萬右中醫診所,台中市西屯區河南路一段91號
77,724,台中市,仁美中醫診所,台中市西屯區文心路三段138之20號
78,1368,台中市,恩民中醫診所,台中市西屯區上安路119號
79,1507,台中市,佛教正德醫院,臺中巿南屯區文心南五路三段100號
80,697,台中市,北屯德濟中醫診所,台中市北屯區崇德八路一段158號
81,741,台中市,東方中醫診所,台中市南屯區向上路一段669號
82,660,台中市,和樂中醫診所,台中市南區復興路一段207巷22弄2號
83,746,台中市,松鶴二仙堂中醫診所,台中市北屯區中清路二段623號
84,703,台中市,一二三中醫診所,台中市西區建國路3號1樓
85,659,台中市,雲玥中醫診所,台中市西區向上路一段406號1.2樓
86,681,台中市,澄觀中醫診所,台中市南屯區公益路二段6號
87,698,台中市,德信中醫診所,台中市中區綠川西街175巷17號
88,685,台中市,仁美堂中醫診所,台中市北屯區豐樂路21之1號
89,1565,台中市,鴻安中醫診所,台中市南屯區干城街291號
90,744,台中市,同濟中醫聯合診所,台中市北屯區中清路二段48號
91,683,台中市,惠文扶原中醫診所,台中市南屯區河南路四段528號
92,664,台中市,圓扶原中醫診所,台中市南區南屯路一段259號
93,687,台中市,扶原中醫診所,台中市北屯區熱河路二段117號
94,749,台中市,來佑安中醫診所,台中市北屯區熱河路三段67號
95,726,台中市,高堂中醫聯合診所,台中市西屯區重慶路229號
96,705,台中市,東興中醫診所,台中市西區東興路三段126-3號
97,1369,台中市,慧心中醫診所,台中市西區公館路140號
98,1451,台中市,慧心中醫診所,台中市公館路140號
99,1448,台中市,富春中醫診所,台中市中區台灣大道一段567號
100,1619,台中市,甘泉堂中醫診所,台中市東區和平街176號2樓
101,721,台中市,李德茂中醫診所,台中市北區梅川西路三段35巷6號
102,740,台中市,文唐中醫診所,台中市南屯區五權西路二段627號
103,663,台中市,芯泉中醫診所,台中市南區忠明南路821-6號
104,672,台中市,廣達中醫診所,台中市西屯區一段179號
105,673,台中市,文華中醫診所,台中市西屯區太原路一段234號
106,1403,台中市,德濟中醫診所,台中市北區五權路488-8號
107,711,台中市,明荷中醫診所,台中市西區南屯路一段150號1樓
108,647,台中市,信澄中醫診所,台中市大里區國光路二段587號1樓
109,674,台中市,元熙中醫診所,台中市西屯區永福路139號2樓
110,656,台中市,成祐中醫診所,台中市西區公益路152-1號2樓
111,1535,台中市,聖和中醫診所,臺中市東勢區南平里第二橫街40號
112,661,台中市,康程中醫診所,台中市南區復興路二段155-3號
113,701,台中市,存德中醫診所,台中市西區模範街9巷11號
114,722,台中市,國寶中醫診所,台中市北區博館一街12號1樓
115,644,台中市,緻宸中醫診所,台中市大雅區雅環路一段340號1樓
116,654,台中市,博康中醫診所,台中市西區博館路127號
117,688,台中市,寶田中醫診所,台中市北屯區崇德路一段552號1.2樓
118,637,台中市,臺中榮民總醫院,台中市西屯區台灣大道四段1650號
119,650,台中市,祥鶴中醫診所,台中市東區大智路294號
120,704,台中市,張白欣中醫診所,台中市西區文化街156號2樓之二
121,642,台中市,瑞恩中醫診所,台中市神岡區神岡路38號
122,635,台中市,衛生福利部臺中醫院,台中市西區三民路一段199號
123,1366,台中市,匯智中醫診所,台中市北屯區河北路二段223號1、2F
124,676,台中市,一品堂南屯中醫診所,台中市南屯區永春東一路700號
125,643,台中市,恒安中醫診所,台中市潭子區中山路一段17-8號
126,747,台中市,永康中醫聯合診所,台中市北屯區中清路二段416號
127,636,台中市,國軍臺中總醫院中清分院,台中市北區忠明路500號。
128,638,台中市,中山醫學大學附設醫院,台中市南區建國北路一段110號
129,639,台中市,中山醫學大學附設醫院中興分院,台中市南區復興路2段11號
130,640,台中市,中國醫藥大學附設醫院中醫部,台中市北區育德路2號
131,641,台中市,仁祐堂中醫診所,台中市東勢區豐勢路487號 1樓
132,645,台中市,永丞中醫診所,台中市太平區樹孝路487號1樓
133,646,台中市,仁源中醫診所,台中市太平區長億六街116號
134,651,台中市,弘濟堂中醫診所,台中市東區忠孝路386號
135,652,台中市,民安中醫診所,台中市東區進化路185號
136,653,台中市,宏樺中醫診所,台中市西區博館二街259號1樓
137,655,台中市,澄心堂中醫診所,台中市西區三民西路99號
138,657,台中市,雙木中醫診所,台中市西區府後街11號
139,658,台中市,淮聖中醫診所,台中市西區梅川西路一段137號
140,665,台中市,御中醫診所,台中市南區復興北路30號
141,666,台中市,民和中醫診所,台中市南區文心南路901巷26號
142,667,台中市,醫林中醫診所,台中市北區進化北路378-29號
143,668,台中市,椿生中醫診所,台中市北區興進路102號一樓
144,669,台中市,台中崇德仁心堂中醫診所,台中市北區崇德路一段280號
145,670,台中市,御元中醫診所,台中市西屯區國安一路65號
146,671,台中市,圓通中醫診所,台中市西屯區杏林路26巷8號1樓
147,675,台中市,大進中醫診所,台中市南屯區大進街102號1樓
148,678,台中市,明雅堂中醫診所,台中市南屯區向上路一段574號1樓
149,679,台中市,郭芳序中醫診所,台中市南屯區文心路一段175號
150,682,台中市,德馨中醫診所,台中市南屯區東興路二段203號
151,684,台中市,益安中醫診所,台中市北屯區松竹路二段138號
152,689,台中市,群復中醫診所,台中市北屯區大連路二段242號
153,690,台中市,大德中醫診所,台中市北屯區松竹五路一段267號1樓
154,692,台中市,一貫堂中醫診所,台中市北屯區豐樂路11－1號1－2樓
155,693,台中市,夏禾中醫診所,台中市北屯區建和路二段271號1樓
156,694,台中市,龍中醫診所,台中市北屯區梅川西路四段291號1樓
157,695,台中市,宏蓁中醫診所,台中市北屯區天津路三段89號
158,696,台中市,日禾中醫診所,台中市北屯區中清路二段309號
159,700,台中市,弘生堂中醫診所,台中市東區忠孝路476號
160,702,台中市,蔡順輝中醫診所,台中市西區五權五街82-4號
161,706,台中市,靖唐中醫診所,台中市西區五權西一街11號
162,707,台中市,公益中醫診所,台中市西區向上北路231號
163,709,台中市,昭理中醫診所,台中市西區公益路48號1樓
164,712,台中市,長春中醫診所,台中市南區復興路三段360號
165,713,台中市,順天堂中醫診所,台中市南區文心南十路210號
166,718,台中市,明功堂中醫診所,台中市北區成功路428號
167,719,台中市,長青中醫診所,台中市北區東漢街7號1樓
168,725,台中市,大同中醫聯合診所,台中市西屯區黎明路三段308號
169,727,台中市,主安中醫診所,台中市西屯區河南路二段357號
170,728,台中市,信德中醫診所,台中市西屯區太原路一段197號
171,729,台中市,漢華中醫診所,台中市西屯區黎明路3段381－383號
172,730,台中市,神農讚中醫診所,台中市西屯區漢口路一段133號
173,732,台中市,喬邦中醫診所,台中市西屯區西屯路三段166之41號
174,733,台中市,醫龍中醫診所,台中市西屯區上安路132號1樓
175,734,台中市,詮恩中醫診所,台中市西屯區西屯路三段166-76號
176,737,台中市,辰安堂中醫診所,台中市南屯區精誠南路139號
177,738,台中市,臻品中醫診所,台中市南屯區東興路二段341號
178,739,台中市,東辰中醫診所,台中市南屯區河南路四段240號
179,743,台中市,保生中醫診所,台中市北屯區國校巷20號
180,748,台中市,晏琳中醫診所,台中市北屯區東山路一段197-5號
181,750,台中市,惠民中醫診所,台中市北屯區興安路一段270號1樓
182,751,台中市,光華中醫診所,台中市北屯區崇德路二段323號
183,752,台中市,千庭中醫診所,台中市北屯區北屯路441之8號
184,753,台中市,崇德中醫診所,台中市北屯區松竹路三段43號1樓
185,1365,台中市,惠康中醫診所,台中市北屯區文昌二街82號
186,1367,台中市,健祥中醫診所,台中市北區日興街182號1樓
187,1370,台中市,行願中醫診所,台中市東區力行路50號1樓
188,1402,台中市,睿生中醫診所,台中市北屯區松竹路二段321號
189,1459,台中市,工學北中醫診所,台中市南區工學北路65-1號
190,1460,台中市,奇恒中醫診所,台中市南屯區文心路一段428號
191,1461,台中市,愛仁中醫診所,台中市南屯路二段708好號
192,1527,台中市,信安中醫診所,台中市西區大進街210號1樓
193,1620,台中市,沐炅中醫診所,台中市北屯區太和一街91號
194,49,台北市,華泰中醫診所,台北市松山區新東街66巷18號1樓
195,198,台北市,天和堂中醫診所,台北市文山區景美街1－5號1樓
196,158,台北市,天璽中醫診所,台北市北市北投區裕民二路33巷2號1樓
197,193,台北市,漢方中醫聯合診所,台北市萬華區西園路2段254巷5號
198,56,台北市,杏福中醫診所,台北市大安區復興南路二段131號一樓
199,140,台北市,指筌中醫診所,台北市士林區德行西路102號1樓
200,1420,台北市,大安悅兒親子中醫診所,台北市大安區光復南路432號
201,93,台北市,滋和堂中醫診所,台北市中山區新生北路一段59-1號
202,1326,台北市,興安養生堂中醫診所,北市中山區興安街51之6號
203,128,台北市,同德中醫診所,台北市南港區同德路30號
204,113,台北市,雙連中醫診所,台北市中山區民生西路6號9樓
205,1331,台北市,慈護晶璽中醫診所,台北市信義區松信路38號
206,120,台北市,騏安中醫診所,台北市金湖路386號
207,137,台北市,天方中醫診所,台北市士林區中山北路六段157巷14號1樓
208,176,台北市,寧波中醫診所,台北市寧波西街80-1號
209,41,台北市,理想中醫診所,台北市松山區南京東路五段46號2樓
210,123,台北市,建榮中醫診所,台北市內湖區成功路三段174巷16號
211,94,台北市,駿琳大直中醫診所,台北市北安路598之一號
212,182,台北市,佳譽堂中醫診所,台北市中正區寧波西街71號
213,58,台北市,全德中醫診所,台北市大安區羅斯福路三段37號3樓
214,108,台北市,大直北安中醫診所,台北市中山區北安路575號
215,197,台北市,宏福中醫診所,台北市文山區木柵路一段182號1樓
216,141,台北市,寶安中醫診所,台北市士林區中正路407號1樓
217,51,台北市,欣百漢中醫診所,台北市松山區南京東路五段80號
218,121,台北市,錦禾中醫診所,台北市內湖區港墘路121號
219,146,台北市,士林錦禾中醫診所,台北市士林區士東路16號
220,190,台北市,厚德中醫診所,台北市中正區南昌路一段53號
221,37,台北市,新光醫院,台北市士林區士商路51號
222,1609,台北市,澄玥中醫診所,台北市中山區松江路100巷1號1樓
223,77,台北市,雲鼎中醫診所,台北市大安區光復南路306號
224,70,台北市,雲品中醫診所,台北市大安區忠孝東路四段216巷19弄4號
225,104,台北市,澄觀中醫診所,台北市中山區吉林路23號
226,139,台北市,悅展中醫診所,台北市士林區延平北路五段243號
227,80,台北市,昇陽一品中醫診所,台北市大安區敦化南路一段236巷9號
228,63,台北市,昇陽中醫診所,台北市大安區潮州街85號
229,43,台北市,仲佑中醫診所,台北市松山區八德路三段212號1樓
230,161,台北市,聖心中醫診所,台北市信義區和平東路三段391巷28號
231,183,台北市,日明耀中醫診所,台北市中正區重慶南路一段66之1號2樓
232,109,台北市,學德堂中醫診所,台北市中山區松江路97巷2-1號
233,81,台北市,保惠中醫診所,台北市大安區嘉興街363巷18弄1號
234,85,台北市,明昇中醫診所,台北市大同區赤峰街13號1樓
235,44,台北市,德昌中醫診所,台北市松山區延吉街38號1樓
236,67,台北市,醫心堂中醫診所,台北市大安區信義路四段267號二樓
237,203,台北市,星福中醫診所,台北市文山區景興路93號
238,189,台北市,汀洲中醫診所,台北市中正區汀州路2段213號1樓
239,180,台北市,峻毅中醫診所,台北市中正區和平西路1段30號
240,72,台北市,上璽中醫診所,台北市大安區信義路四段一號7樓之1
241,92,台北市,恩濟堂中醫診所,台北市中山區復興北路514巷63號
242,107,台北市,得原中醫診所,台北市北市中山區錦州街259號1樓
243,127,台北市,翰林中醫診所,台北市南港區研究院路一段27號
244,192,台北市,大道中醫診所,台北市中正區忠孝西路一段41號8樓之6
245,169,台北市,太淵中醫診所,台北市信義區松山路335號
246,1387,台北市,三軍總醫院附設民眾診療服務處,台北市內湖區成功路2段325號
247,136,台北市,惠眾中醫診所,台北市士林區美德街70號
248,126,台北市,泰興中醫診所,台北市內湖路一段629巷10號1樓
249,36,台北市,台北馬偕紀念醫院,台北市中山區中山北路二段92號
250,84,台北市,天一中醫診所,台北市大同區重慶北路三段98號
251,1419,台北市,養生堂中醫診所,台北市文山區忠順街一段80號
252,115,台北市,麗風堂中醫診所,台北市中山區中山北路二段12號2樓
253,98,台北市,新生中醫診所,台北市中山區興安街91號
254,151,台北市,慈愛中醫診所,台北市北投區自強街108號
255,46,台北市,民昇中醫診所,台北市民生東路五段87號
256,97,台北市,仁心堂中醫診所,台北市中山區長春路267號1樓
257,102,台北市,鼎昌中醫診所,台北市中山區南京東路三段200號3樓之2
258,1508,台北市,昀漾中醫診所,臺北市士林區文林路558號
259,76,台北市,忠孝昌盛堂中醫診所,台北市大安區忠孝東路4段205巷7弄1號3樓
260,47,台北市,欣悅中醫診所,台北市松山區南京東路四段193號
261,87,台北市,新悅中醫診所,台北市大同區民生西路71號1樓
262,71,台北市,明悅中醫診所,台北市大安區忠孝東路四段210-1號9樓
263,82,台北市,陳潮宗中醫診所,台北市大同區民權西路127號
264,147,台北市,士林同仁中醫診所,台北市士林區文林路402號
265,159,台北市,善揚中醫診所,台北市北投區西安街1段157號
266,153,台北市,定傳中醫診所,台北市北投區懷德街3-7號
267,60,台北市,薇晶中醫診所,台北市大安區忠孝東路四段270號2樓之1
268,35,台北市,台北長庚紀念醫院,台北市松山區敦化北路199號
269,38,台北市,中國醫藥大學附設醫院臺北分院,台北市內湖區內湖路二段360號
270,39,台北市,台北醫學大學附設醫院,台北市信義區吳興街252號
271,40,台北市,臺北市立萬芳醫院,台北市文山區興隆路三段111號
272,42,台北市,仁和堂中醫診所,台北市松山區八德路四段201號
273,45,台北市,博康中醫診所,台北市松山區南京東路五段280號1F
274,48,台北市,渼生堂中醫診所,台北市松山區八德路三段138號
275,50,台北市,春日和中醫診所,台北市松山區復興北路81巷35號
276,52,台北市,金龍堂中醫診所,台北市大安區泰順街17號一樓
277,53,台北市,醫道堂黃中醫診所,台北市大安區延吉街233之3號二樓
278,54,台北市,吉辰中醫診所,台北市大安區復興南路二段321號
279,55,台北市,宏秀堂中醫診所,台北市政大安區忠孝東路三段217巷2弄16號1樓
280,57,台北市,瑞康中醫診所,台北市大安區瑞安街208巷24弄12號
281,59,台北市,京禾中醫診所,台北市大安區復興南路二段173-1號2樓
282,61,台北市,景崧現代中醫診所,台北市大安區臨江里基隆路二段148號
283,62,台北市,大觀堂中醫診所,台北市大安區延吉街118號
284,64,台北市,吉升堂中醫診所,台北市泰順街44巷13號
285,68,台北市,樂業中醫診所,台北市大安區樂業街59號
286,73,台北市,易明中醫診所,台北市大安區辛亥路2段39號
287,74,台北市,康禾中醫診所,台北市大安區羅斯福路三段275號2樓
288,75,台北市,樂陽中醫診所,台北市大安區和平東路三段304號
289,78,台北市,德霖中醫診所,台北市大安區信義路四段168號1樓
290,79,台北市,詠恩中醫診所,台北市大安區和平東路三段236號
291,83,台北市,順天堂中醫診所,台北市大同區昌吉街79號
292,86,台北市,良元中醫診所,台北市大同區長安西路51-1號
293,88,台北市,京水堂中醫診所,台北市南京西路22號3樓
294,89,台北市,德全中醫診所,台北市中山區錦卅街171號
295,90,台北市,朝暉中醫診所,台北市中山區龍江路281巷1號2樓
296,91,台北市,有聲中醫診所,台北市中山區中原街50號
297,95,台北市,常生中醫診所,台北市中山區長安東路二段47號
298,96,台北市,元氣堂中醫診所,台北市中山區吉林路223號
299,99,台北市,景欣中醫診所,台北市中山區南京東路2段95號2樓
300,100,台北市,禾儒中醫診所,台北市中山區松江路268號5樓
301,103,台北市,傳愛經典中醫診所,台北市中山區龍江路29號
302,105,台北市,詠生中醫診所,台北市中山區樂群二路196號
303,106,台北市,東仁中醫診所,台北市錦州街275號
304,110,台北市,林國榮中醫診所,台北市民生東路二段112號
305,111,台北市,昌盛堂中醫診所,台北市中山區松江路277號2樓
306,112,台北市,吉林中醫診所,台北市中山區吉林路428號
307,114,台北市,醫誠堂中醫診所,台北市中山區龍江路185-1號一樓
308,116,台北市,晴光中醫診所,台北市中山區雙城街四巷2號
309,117,台北市,祐瑞中醫診所,台北市中山區松江路69巷11號1樓
310,118,台北市,璟榮中醫診所,台北市東湖路43巷31號
311,119,台北市,麗馨中醫診所,台北市內湖區東湖路120號2樓
312,122,台北市,恩光中醫診所,台北市內湖區江南街15號
313,124,台北市,善品中醫診所,台北市內湖區成功路四段30巷22號
314,125,台北市,瀚威中醫診所,台北市內湖區新明路277號
315,129,台北市,杞子中醫診所,台北市南港區南港路一段 169號2樓
316,130,台北市,信愛中醫診所,台北市士林區文林路478號1樓
317,131,台北市,新長庚中醫診所,台北市士林區大東路176號一樓
318,132,台北市,寬安中醫診所,台北市士林區士東路50號
319,133,台北市,顏居雲中醫診所,台北市士林區華齡街72號1樓
320,134,台北市,仰德中醫診所,台北市士林區天母北路18號
321,135,台北市,福華中醫診所,台北市忠誠路二段76巷8號1樓
322,138,台北市,一春堂中醫診所,台北市士林區德行東路187-1號
323,142,台北市,芝音中醫診所,台北市士林區福華路128巷10號
324,143,台北市,承新中醫診所,台北市士林區中正路203號2樓
325,144,台北市,社子中醫診所,台北市士林區延平北路六段87號
326,145,台北市,承德中醫診所,台北市士林區大南路277號1樓
327,148,台北市,泰昌堂中醫診所,台北市中山北路六段208號2F
328,149,台北市,耕德中醫診所,台北市北投區中央北路一段38號
329,150,台北市,華杏中醫診所,台北市北投區西安街一段369號二樓
330,152,台北市,佳禾中醫診所,台北市北投區石牌路一段101號
331,154,台北市,石牌尊賢中醫診所,台北市北投區尊賢街249巷2號
332,155,台北市,悅馨中醫診所,台北市北投區西安街一段173號
333,156,台北市,三合中醫診所,台北市北投區三合街二段446號
334,157,台北市,全禾中醫診所,台北市北投區光明路166號1樓
335,160,台北市,蔡榮鏡中醫診所,台北市信義區林口街24巷8號
336,162,台北市,大成中醫診所,台北市信義區永吉路200巷56弄2號
337,163,台北市,陳士源中醫診所,台北市信義區永吉路492號1樓
338,164,台北市,格康中醫診所,台北市信義區莊敬路437號1樓
339,165,台北市,興漢中醫診所,台北市信義區虎林街121巷10號1樓
340,166,台北市,微笑中醫診所,台北市信義區忠孝東路五段71巷11弄2號
341,167,台北市,心悅中醫診所,台北市信義區忠孝東路五段482號3樓之1
342,168,台北市,歸元中醫診所,台北市虎林街132巷32號1樓
343,170,台北市,頌讚中醫診所,台北市信義區莊敬路325巷4號
344,171,台北市,昫安中醫診所,台北市信義區永吉路527號2樓
345,174,台北市,沄禾中醫診所,台北市信義區林口街192號
346,175,台北市,同安中醫診所,台北市中正區同安街41號
347,177,台北市,珍仁堂中醫診所,台北市新生南路一段110之2號
348,178,台北市,和平中醫診所,台北市和平西路二段123號
349,179,台北市,張順晶中醫診所,台北市中正區羅斯福路二段44號5樓
350,181,台北市,永康中醫診所,台北市中正區連雲街75號
351,184,台北市,六節中醫診所,台北市中正區汀州路2段198號
352,186,台北市,天心中醫診所,台北市中正區武昌街一段33號
353,187,台北市,東門中醫診所,台北市中正區連雲街81號2樓
354,188,台北市,茂澤中醫診所,台北市中正區臨沂街6巷5號1樓
355,191,台北市,沂禾中醫診所,台北市中正區臨沂街33巷38號1樓
356,194,台北市,岐善中醫診所,台北市萬華區中華路二段484巷14-3號
357,195,台北市,昱安堂中醫診所,台北市萬華區貴陽街二段135號
358,196,台北市,信願堂中醫診所,台北市木新路二段118號
359,199,台北市,吳明珠中醫診所,台北市文山區羅斯福路5段21號2樓之1
360,200,台北市,常春藤中醫診所,台北市文山區羅斯福路五段197號2樓
361,201,台北市,真善美中醫診所,台北市文山區忠順街一段129號
362,202,台北市,京順中醫診所,台北市文山區興隆路三段52號2樓
363,204,台北市,玉函中醫診所,台北市文山區木柵路一段159號
364,205,台北市,至善醫坊中醫診所,台北市文山區景文街46-1號2樓
365,1327,台北市,百齡中醫診所,台北市士林區華齡街57號
366,1328,台北市,宏達中醫診所,台北市中正區汀州路三段211號2樓
367,1329,台北市,德方中醫診所,台北市文山區景興路39-2號
368,1330,台北市,元品中醫診所,台北市文山區興隆路三段174號1樓
369,1332,台北市,靖妃中醫診所,台北市敦化南路2段63巷58號1樓
370,1418,台北市,百弘中醫診所,台北市大安區忠孝東路四段15號3樓之1
371,1421,台北市,康禾堂中醫診所,臺北市北投區西安街二段335號
372,1422,台北市,十方中醫診所,臺北市北投區中和街228號
373,1474,台北市,泓欽中醫診所,澎湖縣馬公市中興路63號
374,1475,台北市,永昌漢方中醫診所,台北市松山區南京東路5段123巷2弄25號1樓
375,1476,台北市,安德中醫診所,台北市景福街228號1樓
376,1477,台北市,璞真中醫診所,台北市大安區忠孝東路四段311號2樓之4
377,1478,台北市,陳運瑩中醫診所,台北市信義路四段265巷10弄2-1號
378,1554,台北市,福田中醫診所,台北市中山區復興北路350號二樓之一
379,1579,台北市,彭燕婷中醫診所,台北市大安區和平東路一段171號3F-2
380,1580,台北市,幸吉堂中醫診所,台北市中正區汀州路一段169號
381,1581,台北市,尊生堂中醫診所,台北市松山區塔悠路47號
382,1582,台北市,普濟中醫診所,台北市士林區福國路98-5號一樓
383,1583,台北市,聖醫中醫診所,台北市信義區松山路245號
384,1584,台北市,詠樂中醫診所,台北市內湖區內湖路1段373號
385,1585,台北市,詠淳中醫診所,台北市信義區虎林街82巷31號
386,1586,台北市,健群中醫診所,台北市北投區石牌路一段166巷116號
387,1607,台北市,禾頤中醫診所,台北市大安區忠孝東路四段231號11樓之1
388,1608,台北市,時英中醫診所,北市大安區辛亥路ㄧ段89號1樓
389,1610,台北市,民生瀚威中醫診所,台北市松山區新中街25號
390,1611,台北市,漢坤中醫診所,台北市中山區北安路458巷41弄40號
391,1628,台北市,宏森中醫診所,臺北市信義區吳興街115 號
392,1304,台東縣,賜安中醫診所,台東市中山路354號
393,1295,台東縣,大春中醫診所,台東市中華路2段176號
394,1301,台東縣,忠興中醫診所,台東市文化街52-1號
395,1300,台東縣,劉嘉生中醫診所,台東市中華路一段329號
396,1299,台東縣,明德中醫診所,台東市中華路1段544號
397,1293,台東縣,聯安中醫診所,台東縣台東市更生路969號
398,1298,台東縣,許瑞昇中醫診所,台東市更生路342號
399,1296,台東縣,景春中醫診所,台東市中正路段222號
400,1308,台東縣,福壽堂中醫診所,台東縣池上鄉新生路134號
401,1297,台東縣,黃昱翰中醫診所,台東市博愛路362巷15號
402,1292,台東縣,壽春中醫診所,台東市新生路492號
403,1305,台東縣,雲品中醫診所,台東市博愛路470號
404,1289,台東縣,台東基督教醫院,台東市開封街350號
405,1287,台東縣,衛生福利部臺東醫院,台東市五權街1號
406,1288,台東縣,臺北榮民總醫院臺東分院,台東市更生路1000號
407,1290,台東縣,關山慈濟醫院,台東縣關山鎮和平路125之5號
408,1291,台東縣,金雞堂中醫診所,台東市寶桑路162號
409,1294,台東縣,道民中醫診所,台東市開封街449號
410,1302,台東縣,玉晟中醫診所,台東市光明路66之3號
411,1303,台東縣,全人中醫診所,台東市復興路188號
412,1306,台東縣,漢唐中醫診所,台東縣太麻里外環路80號
413,1307,台東縣,惠心堂中醫診所,台東縣鹿野鄉中正路9號
414,1473,嘉義市,中和中醫診所,嘉義市民族路806、808號
415,1456,嘉義市,星嘉中醫診所,嘉義市上海路167號
416,874,嘉義市,吉祥中醫診所,嘉義市東區興業東路317號
417,880,嘉義市,慈仁中醫診所,嘉義市志昇街71號
418,882,嘉義市,安和中醫診所,嘉義市西區友忠路935-1號
419,877,嘉義市,安美中醫診所,嘉義市東區博東路303號
420,883,嘉義市,康慧中醫診所,嘉義市西區興業西路124號
421,873,嘉義市,芳安中醫診所,嘉義市東區芳安路103號
422,875,嘉義市,立仁中醫診所,嘉義市東區立仁路331號
423,876,嘉義市,林臻瑋中醫診所,嘉義市民權路120-6號
424,878,嘉義市,新民中醫診所,嘉義西區市新民路703號2F
425,879,嘉義市,嘉冠中醫診所,嘉義市忠義街174號
426,881,嘉義市,榮光中醫診所,嘉義市文化路461號
427,1457,嘉義市,寶雅中醫診所,嘉義市興業西路149號
428,1436,嘉義縣,鄭滄海中醫診所,嘉義縣民雄鄉中樂路75號
429,1440,嘉義縣,承德中醫診所,嘉義縣義竹鄉仁里村377號
430,1437,嘉義縣,里仁中醫診所,嘉義縣朴子市八德路47號
431,870,嘉義縣,康寶中醫診所,嘉義縣布袋鎮太平路102號
432,871,嘉義縣,信昌中醫診所,嘉義縣民雄鄉安和路55號
433,872,嘉義縣,明ㄧ中醫診所,嘉義縣六腳鄉蒜南村五鄰400號
434,1438,嘉義縣,明琡中醫診所,嘉義縣大埔鄉大埔路自強巷22號
435,1439,嘉義縣,重安中醫診所,嘉義縣朴子市大同路262-1號
436,1441,嘉義縣,佑昇中醫診所,嘉義縣朴子市開元路382號
437,1543,嘉義縣,佳和中醫診所,嘉義縣朴子市大同路149號
438,14,基隆市,聖康中醫診所,基隆市安樂區安樂路二段96號
439,13,基隆市,同仁堂中醫診所,基隆市中山區西定路117號
440,3,基隆市,邵秉家中醫診所,基隆市中正區義一路15號
441,15,基隆市,逢安中醫診所,基隆市安樂區麥金路451號1樓
442,1,基隆市,衛生福利部基隆醫院,基隆市信義區信二路268號
443,2,基隆市,基隆長庚紀念醫院,基隆市安樂區麥金路222號
444,4,基隆市,忠生中醫診所,基隆市中正區義二路142號
445,5,基隆市,明和中醫診所,基隆市義一路90號
446,6,基隆市,佳緣中醫診所,基隆市七堵區明德一路61號
447,7,基隆市,良德堂中醫診所,基隆市仁愛區南榮路29號
448,9,基隆市,德勳中醫診所,基隆市愛六路18號
449,10,基隆市,百草堂中醫診所,基隆市孝二路81號2樓
450,11,基隆市,李上知中醫診所,基隆市信義區仁一路25號1樓
451,16,基隆市,瑞明中醫診所,基隆市東信路156-1號
452,1500,基隆市,阿蔓中醫診所,基隆市七堵區崇智街10號
453,1501,基隆市,李金澤中醫診所,基隆市仁愛區愛一路26號2樓
454,1502,基隆市,慈靉中醫診所,基隆市七堵區光明路19號
455,1503,基隆市,聯合中醫診所,基隆市仁愛區孝二路10號
456,554,大台中,弘春堂中醫診所,台中市后里區民生路61號
457,580,大台中,杏安堂中醫診所,台中市中區三民路二段133號1F
458,595,大台中,樂活中醫診所,台中市北屯區軍功路一段607號
459,567,大台中,元春堂中醫診所,台中市太平區育賢路141號
460,587,大台中,喜樂中醫診所,台中市南區建成路1163號
461,612,大台中,聯安中醫診所,台中市潭子區中山路一段179號
462,606,大台中,東方中醫診所,台中市沙鹿區沙田路48-5號
463,585,大台中,圓運動中醫診所,台中市西區中美街280號
464,1356,大台中,德濟中醫聯合診所,台中市太平區太平路467號
465,555,大台中,翔甯中醫診所,台中市神岡區中山路17號1樓
466,620,大台中,吉祥中醫診所,台中市烏日區中山路一段363號
467,1353,大台中,三曜中醫診所,台中市大里區東榮路655號
468,566,大台中,禾明中醫診所,台中市太平區樹德路235號
469,1414,大台中,德和堂中醫診所,台中市神岡區豐洲路367號
470,569,大台中,太平和懿堂中醫診所,台中市太平區樹孝路39-10號
471,574,大台中,和懿堂中醫診所,台中市大里區立中街89號
472,1454,大台中,有生堂中醫診所,台中市太平區中興路48號
473,1432,大台中,益民中醫診所,台中市大里區大里路39-12號
474,1429,大台中,興大中醫診所,台中市南區學府路96號
475,613,大台中,乙仁中醫診所,台中市潭子區頭張路一段43號
476,560,大台中,根源中醫診所,台中市霧峰區光明街66號
477,577,大台中,一品堂大里中醫診所,台中市大里區永大街20號
478,1412,大台中,太極中醫診所,台中市太平區中山路三段20號
479,1577,大台中,常益中醫診所,臺中市霧峰區中正路1171-2號1、2樓
480,598,大台中,昀闛中醫,台中市西屯區永福路37號
481,563,大台中,沐風中醫診所,台中市太平區宜昌路562號
482,624,大台中,長春中醫診所,台中市太平區中興東路218-1號
483,1360,大台中,保順中醫診所,台中市西區大隆路32號
484,631,大台中,頂城中醫診所,台中市大里區中興路一段167-13號
485,594,大台中,博醫堂中醫診所,台中市南屯區大隆路115號1F
486,1481,大台中,日安堂中醫診所,台中市烏日區仁德里信義街155號
487,619,大台中,華濟中醫診所,台中市烏日區溪南路一段640號
488,632,大台中,德彥中醫診所,台中市大里區德芳南一街30號
489,622,大台中,惠民中醫診所,台中市大肚區沙田路一段452-2號
490,633,大台中,天真中醫診所,台中市大里區中興路二段359號
491,562,大台中,吉美中醫診所,台中市太平區育賢路263號
492,565,大台中,德心中醫診所,台中市太平區樹德路98-11號
493,621,大台中,東方烏日中醫診所,台中市烏日區信義街86號
494,1563,大台中,康庭中醫診所,台中市清水區北寧街78-1號
495,559,大台中,敦和中醫診所,台中市大雅區學府路467巷8號1樓
496,608,大台中,笙華中醫診所,台中市沙鹿區鎮南路二段227號
497,1416,大台中,廣芯中醫診所,台中市北屯區松竹五路二段29號
498,1354,大台中,聖原中醫診所,台中市大雅區上楓里民權街130號
499,616,大台中,鵲慈中醫診所,台中市石岡區石岡街1號
500,1558,大台中,得祐中醫診所,台中市西屯區光明路52-49號
501,547,大台中,誠佑中醫診所,台中市豐原區圓環東路393號1樓
502,625,大台中,永生中醫診所,台中市太平區中山路二段533號
503,600,大台中,一品堂豐原中醫診所,台中市豐原區圓環北路2段161號
504,602,大台中,一品堂大甲中醫診所,台中市大甲區光明路140號
505,1358,大台中,順心中醫診所,台中市后里區甲后路579號
506,596,大台中,一品堂北屯中醫診所,台中市北屯區昌平路二段33號
507,604,大台中,一品堂中醫診所,台中市沙鹿區四平街66號
508,634,大台中,全真中醫診所,台中市大里區仁化路407號
509,549,大台中,蕙心中醫診所,台中市豐原區中山路343號
510,626,大台中,達春中醫診所,台中市太平區中興路47號
511,542,大台中,衛生福利部豐原醫院,台中市豐原區安康路100號
512,543,大台中,光田綜合醫院,台中市沙鹿區沙田路117號
513,544,大台中,童綜合醫院,台中市梧棲區臺灣大道八段699號
514,545,大台中,台中慈濟醫院,台中市潭子區豐興路一段88號
515,546,大台中,京聖中醫診所,台中市豐原區中山路435號
516,548,大台中,黃柯埠中醫診所,台中市豐原區中山路552號1樓
517,550,大台中,正東勢仁心堂中醫診所,台中市東勢區延平里豐勢路237號1樓
518,551,大台中,仁合堂中醫診所,台中市清水區中山路433號 1樓
519,552,大台中,同濟堂中醫診所,台中市沙鹿區中山路477-5號
520,553,大台中,康珵中醫診所,台中市沙鹿區中正街42號
521,556,大台中,道然中醫診所,台中市潭子區中山路二段68號
522,557,大台中,保成中醫診所,台中市潭子區中山路二段383之8號
523,558,大台中,國泰中醫診所,台中市大雅區學府路76巷1號
524,561,大台中,健民中醫診所,台中市霧峰區四德路318、320號1樓
525,564,大台中,佳醫堂中醫診所,台中市太平區樹孝路363號
526,568,大台中,齊恩中醫診所,台中市太平區光興路1018號1樓
527,570,大台中,慶恩中醫診所,台中市太平區中山路二段319號1樓
528,571,大台中,益民全真中醫診所,台中市大里區益民路二段355-1號
529,572,大台中,同仁堂中醫診所,台中市大里區中興路一段308之14號
530,573,大台中,廣昕中醫診所,台中市大里區中興路一段167-7號
531,575,大台中,正大里區仁心堂中醫診所,台中市大里區國光路二段688號1樓
532,576,大台中,大里廣濟中醫診所,台中市大里區塗城路559號1樓
533,578,大台中,念禾中醫診所,台中市大里區益民路二段162號
534,579,大台中,台中公園仁心堂中醫診所,台中市中區自由路二段88-9號1樓
535,581,大台中,進德中醫診所,台中市東區進德路92號1樓
536,582,大台中,詮欣中醫診所,台中市東區十甲東路639號
537,583,大台中,聖欣中醫診所,台中市西區美村路一段637號
538,584,大台中,雅緻中醫診所,台中市西區忠明路111號
539,586,大台中,美村婦佑中醫診所,台中市南區美村路二段297號
540,588,大台中,工學北中醫診所,台中市南區工學北路65號
541,590,大台中,長育中醫診所,台中市西屯區西屯路三段148-12號1、2樓
542,591,大台中,大心中醫診所,台中市西屯區大墩20街183號2樓
543,592,大台中,一善中醫診所,台中市大墩路700號
544,593,大台中,國際慈善堂中醫診所,台中市南屯區五權西路二段48號
545,597,大台中,德和中醫診所,台中市后里區四村路128號
546,599,大台中,進安中醫診所,台中市神岡區昌平路五段390號
547,601,大台中,仁恩堂中醫診所,台中市大甲區蔣公路46號
548,603,大台中,仁安堂中醫診所,台中市清水區中山路77號
549,605,大台中,德安中醫聯合診所,台中市沙鹿區大同街明光巷20號
550,607,大台中,仁人堂中醫診所,台中市沙鹿區中山路320號
551,611,大台中,六福堂中醫診所,台中市潭子區中山路2段379
552,614,大台中,傳承中醫診所,台中市潭子區勝利十二街58號
553,615,大台中,耕心中醫診所,台中市大雅區民興街69號
554,617,大台中,姥芝瑞中醫診所,台中市烏日區中山路一段488號
555,618,大台中,東園中醫診所,台中市烏日區溪南路一段611號
556,623,大台中,李采霓中醫診所,台中市霧峰區林森路732號
557,627,大台中,健恩中醫診所,台中市太平區太平路258號1樓
558,628,大台中,回春堂中醫診所,台中市大里區中興路二段105號
559,629,大台中,祐生中醫聯合診所,台中市大里區大里路1號
560,630,大台中,仁和中醫診所,台中市大里區仁化路606號
561,1351,大台中,同濟堂大肚中醫診所,台中市大肚區沙田路2段402號
562,1352,大台中,順興堂中醫診所,台中市大肚區頂街里沙田路三段35號
563,1355,大台中,佑全讚中醫診所,台中市中區台灣大道一段570號
564,1357,大台中,坤德中醫診所,台中市北屯區北屯路66號
565,1359,大台中,善安堂中醫診所,台中市西屯區福科路288號1樓
566,1361,大台中,芳瑞中醫診所,台中市烏日區民族街3號
567,1363,大台中,宏福中醫診所,台中市清水區五權路64號
568,1364,大台中,世宏中醫診所,臺中市大里區永隆路268號1樓
569,1413,大台中,駿發中醫診所,台中市大里區中興路2段671 巷6一2號
570,1415,大台中,德泰中醫診所,臺中市大甲區臨江路12號
571,1430,大台中,國根中醫診所,台中市太平區樹孝路91號
572,1431,大台中,鼎宇中醫診所,台中市北區太原路二段98號
573,1433,大台中,萬泰中醫診所,台中市太平區東平路487號
574,1455,大台中,新世代中醫診所,台中市東區台中路77號1、2樓
575,1480,大台中,建誠中醫診所,台中市烏日區中山路三段591號
576,1482,大台中,高田中醫診所,台中市大里區塗城路802號
577,1505,大台中,和敬堂中醫診所,台中市沙鹿區光大路256號
578,1531,大台中,吉安堂中醫診所,台中市潭子區中山路一段298-18號
579,1552,大台中,登錦堂中醫診所,台中巿太平區溪洲西路19號
580,1557,大台中,均澄中醫診所,台中市西區東興路三段142號1樓
581,1559,大台中,漢林中醫診所,台中市大肚區遊園路二段257號
582,1569,大台中,新厚生中醫診所,台中市清水區中山路129之7號
583,1570,大台中,張仲田中醫診所,台中市東勢區豐勢路478號
584,1625,大台南,德明中醫診所,臺南巿新營區民生路45號
585,1626,大台南,至德中醫診所,臺南市中西區西湖里和緯路五段243號1樓
586,1572,大臺南,健宏中醫聯合診所,臺南市永康區四維街2號1樓
587,920,大臺南,育慧中醫診所,台南巿永康區永康街133號
588,1487,大臺南,復華中醫診所,臺南市永康區忠孝路3號
589,918,大臺南,佛德中醫診所,台南巿仁德區中山路275號
590,1485,大臺南,平安中醫診所,臺南市學甲區自強路123號
591,916,大臺南,光華中醫診所,台南巿新巿區華興街105號
592,903,大臺南,鄭守柔中醫診所,台南巿中西區慶中街2號
593,900,大臺南,崇德民佑中醫診所,台南巿東區崇德路462號
594,902,大臺南,陳彥行中醫診所,台南巿中西區健康路一段142號
595,1574,大臺南,崇學馬光中醫診所,台南市東區龍山里崇學路195號1樓
596,1483,大臺南,成功馬光中醫診所,台南市東區長榮路三段121號1、2樓
597,1435,大臺南,百合馬光中醫診所,台南市永康區六合里華二路350號1、2樓及352號1樓
598,896,大臺南,健恩中醫診所,台南巿永康區中山路116號
599,914,大臺南,倪佩詩中醫診所,台南巿新化區忠孝路118號
600,899,大臺南,蔚武中醫診所,台南市東區崇明路502號
601,917,大臺南,昭穎中醫診所,台南巿玉井區中華路235號
602,1398,大臺南,大大中醫診所,台南巿新營區新進路47號
603,897,大臺南,至陽中醫診所,台南巿永康區中華二路203號
604,927,大臺南,天慧中醫診所,台南巿永康區中正南路696號
605,907,大臺南,邱碧瑩中醫診所,台南巿北區公園路778號
606,1396,大臺南,濟安中醫診所,台南巿永康區中華一路140號
607,923,大臺南,江銘酌中醫診所,台南巿永康區振興路88號
608,928,大臺南,周佩蓉中醫診所,台南巿永康區北興路222號
609,912,大臺南,德林中醫診所,台南巿新營區民治路348號
610,921,大臺南,吉祥中醫診所,台南市永康區龍埔街472號
611,895,大臺南,濟世中醫診所,台南巿永康區永明街61號
612,908,大臺南,安和中醫診所,台南市北區北安路一段178號
613,889,大臺南,銘輝中醫診所,台南巿新營區新進路258-2號1樓
614,919,大臺南,傳揚中醫診所,台南巿仁德區正義三街65號
615,894,大臺南,永康回春中醫診所,台南市永康區中正南路809號
616,922,大臺南,光復中醫診所,台南巿永康區永大路二段257號
617,891,大臺南,仁寶中醫診所,台南巿麻豆區中正路18號
618,905,大臺南,呈心中醫診所,台南巿中西區金華路四段18號
619,913,大臺南,慈祥中醫診所,台南巿佳里區新生路43號
620,887,大臺南,台南奇美醫院,台南巿永康區中華路901號
621,885,大臺南,高雄榮民總醫院臺南分院,台南巿永康區復興路427號
622,884,大臺南,衛生福利部新營醫院,台南巿新營區信義街73號
623,909,大臺南,康馥中醫診所,台南巿北區文賢路234號
624,924,大臺南,德芳中醫診所,台南巿永康區富強路一段157號
625,906,大臺南,晉陽中醫診所,台南巿北區開元路343號
626,886,大臺南,麻豆新樓醫院,台南巿麻豆區小埤里苓子林20號
627,888,大臺南,光合中醫診所,台南市新營區中正路110之8號
628,890,大臺南,禾心堂中醫診所,台南巿鹽水區武廟路22號
629,892,大臺南,大安中醫診所,台南巿佳里區延平路364號
630,898,大臺南,上善中醫診所,台南巿永康區新中街301號
631,901,大臺南,毓元堂中醫診所,台南巿南區金華路二段273號
632,904,大臺南,金華唐中醫診所,台南巿中西區金華路三段12號
633,910,大臺南,元禾中醫診所,台南巿安平區府前路二段618號
634,911,大臺南,豐隆中醫診所,台南巿安平區華平路473號
635,915,大臺南,立春堂中醫診所,台南巿善化區光復路10號
636,925,大臺南,王相欽中醫診所,台南巿永康區復國一路168號
637,926,大臺南,祐康中醫診所,台南巿永康區中華路396號
638,1395,大臺南,楊慶祥中醫診所,台南巿永康區永大路二段295號
639,1397,大臺南,廣濟中醫診所,台南巿永康區永大路二段173-1號
640,1399,大臺南,勝義中醫診所,台南巿新巿區忠孝街158號
641,1484,大臺南,宏欣中醫診所,台南巿永康區中山南路27號
642,1486,大臺南,慧安中醫診所,臺南市麻豆區興中路184－1號
643,1400,大高雄,大有中醫診所,高雄市大寮區鳳林三路219號
644,1008,大高雄,佛心中醫診所,高雄市岡山區岡山路98號
645,1029,大高雄,長庚中醫診所,高雄市苓雅區青年一路117號1樓
646,1026,大高雄,蔡宜芬中醫診所,高雄市三民區明福街19號
647,1043,大高雄,高傳中醫診所,高雄市湖內區中山路二段212號之2
648,1036,大高雄,聖家中醫診所,高雄市岡山區岡山路171號
649,1600,大高雄,東霖馬光中醫診所,高雄市林園區王公路37號
650,1488,大高雄,瑞隆馬光中醫診所,高雄市前鎮區瑞隆路523號
651,1550,大高雄,鳳山馬光中醫診所,高雄市鳳山區維新路122號
652,1010,大高雄,民佑中醫診所,高雄市岡山區民有路33號
653,1381,大高雄,心香中醫診所,高雄市鳳山區八德路二段222號
654,1568,大高雄,汏樹中醫診所,高雄市大樹區中正一路375號
655,1028,大高雄,澤豐中醫診所,高雄市苓雅區和平一路96號
656,1031,大高雄,慶昌中醫診所,高雄市鳳山區五甲三路82號
657,1014,大高雄,隆好中醫診所,高雄市仁武區八德南路466號
658,1471,大高雄,茂盛中醫診所,高雄市岡山區前峰路39之8號
659,1039,大高雄,博聖中醫診所,高雄市岡山區大德一路90號
660,1444,大高雄,廣澤堂中醫診所,高雄市楠梓區三山街14號1樓
661,1024,大高雄,春豐中醫診所,高雄市三民區大豐二路456號1樓
662,1020,大高雄,廣欣中醫診所,高雄市左營區立信路85號
663,1033,大高雄,佑慈中醫診所,高雄市鳳山區誠義路165號
664,1023,大高雄,嘉品中醫診所,高雄市三民區大順二路60號1樓
665,1041,大高雄,立安中醫診所,高雄市仁武區中正路56號
666,1445,大高雄,鍾志光中醫診所,高雄市鳳山區青年路2段146-5號
667,1528,大高雄,凌雲中醫診所,高雄市仁武區中華路142號
668,1025,大高雄,恩泉中醫診所,高雄市三民區陽明路136號1樓
669,1027,大高雄,禾安中醫診所,高雄市新興區復興二路193號
670,1032,大高雄,安心堂中醫診所,高雄市鳳山區文聖街97號
671,1012,大高雄,德益中醫診所,高雄市林園區林園北路308號
672,1016,大高雄,禾欣中醫診所,高雄市鼓山區中華一路812號1樓
673,1005,大高雄,鳳山大同中醫診所,高雄市鳳山區光復路一段109.111號
674,1612,大高雄,天煌大豐中醫診所,高雄市大寮區鳳林三路506號
675,1540,大高雄,鴻仁中醫診所,高雄市橋頭區南溝路180號
676,1004,大高雄,健仁醫院中醫科,811高雄市楠梓區楠陽路136號
677,1442,大高雄,建宏中醫診所,高雄市旗山區大同街21號
678,1040,大高雄,進安中醫診所,高雄市岡山區岡山路5號
679,1009,大高雄,順心中醫診所,高雄市岡山區民有路15號
680,1038,大高雄,德隆中醫診所,高雄市岡山區公園西路三段106號
681,1037,大高雄,陳瑞聰中醫診所,高雄市岡山區中山南路462號
682,1042,大高雄,蓮見中醫診所,高雄市燕巢區中民路626號
683,1401,大高雄,存德堂中醫診所,高雄市路竹區中山路1175號
684,1013,大高雄,睿安中醫診所,高雄市大寮區鳳林三路777號
685,1002,大高雄,高雄市立鳳山醫院,高雄巿鳳山區經武路 42 、42-1號
686,1003,大高雄,高雄長庚紀念醫院,高雄市鳥松區大埤路123號
687,1006,大高雄,至和中醫診所,高雄市鳳山區新富路389號
688,1007,大高雄,仁祥中醫診所,高雄市岡山區大仁北路372號1樓
689,1011,大高雄,慈悅中醫診所,高雄市旗山區民權三街19號1樓
690,1015,大高雄,高美中醫診所,高雄市鼓山區美術北三路235號
691,1017,大高雄,明華凱璿中醫診所,高雄市鼓山區明華路247號
692,1021,大高雄,啟文堂中醫診所,高雄市左營區翠峰路64號
693,1022,大高雄,至謙中醫診所,高雄市左營區華夏路310號
694,1030,大高雄,安柏中醫診所,高雄市前鎮區民權二路180號2樓
695,1034,大高雄,宜璇中醫診所,高雄市鳳山區福興里自強一路41號
696,1035,大高雄,六合中醫診所,高雄市岡山區岡山路197號
697,1380,大高雄,振德中醫診所,高雄市苓雅區同慶路96號
698,1443,大高雄,一麟中醫診所,高雄市旗山區延平一路145號
699,1446,大高雄,國軍高雄總醫院左營分院,高雄市左營區軍校路553號
700,1571,大高雄,欣蓮馨中醫診所,高雄市苓雅區和平一路144巷33之3號
701,1627,大高雄,惠勝中醫診所,高雄市大寮區大寮路889號
702,21,宜蘭縣,明悅中醫診所,宜蘭市中山路二段303號之1
703,27,宜蘭縣,羅東仁濟中醫聯合診所,宜蘭縣羅東鎮興東南路1號
704,18,宜蘭縣,宜蘭員山醫院,宜蘭縣員山鄉尚深路91號
705,19,宜蘭縣,仁濟中醫聯合診所,宜蘭市文昌路147-1號
706,25,宜蘭縣,同仁堂中醫聯合診所,宜蘭縣羅東鎮天津路60號
707,22,宜蘭縣,宜康中醫診所,宜蘭市民族路338號
708,28,宜蘭縣,存仁堂中醫診所,宜蘭縣羅東鎮倉前路36號
709,20,宜蘭縣,新南大中醫診所,宜蘭市宜興路1段89號
710,23,宜蘭縣,慧仁中醫診所,宜蘭市光復路88號
711,24,宜蘭縣,新悅中醫診所,宜蘭市中山路三段286號1樓
712,17,宜蘭縣,臺北榮民總醫院員山分院,宜蘭市林森路1號
713,29,宜蘭縣,怡得心中醫診所,宜蘭縣羅東鎮中山路4段262號
714,30,宜蘭縣,得福中醫診所,宜蘭縣羅東鎮公正路115號
715,33,宜蘭縣,世揚中醫診所,宜蘭縣蘇澳鎮中山路113號
716,34,宜蘭縣,悅恩中醫診所,宜蘭縣頭城鎮纘祥路67-3號
717,1242,屏東縣,馬光中醫診所,屏東市公園路19號
718,1261,屏東縣,內埔中醫診所,屏東縣內埔鄉內田村學人路729號
719,1251,屏東縣,潮州馬光中醫診所,屏東縣潮州鎮盧山路65號
720,1254,屏東縣,東港馬光中醫診所,屏東縣東港鎮光復路一段268號
721,1239,屏東縣,弘安堂中醫診所,屏東市廣東路173之1號
722,1235,屏東縣,高點中醫診所,屏東市大武路196號
723,1244,屏東縣,黃光裕中醫診所,屏東市華盛街9之1號
724,1240,屏東縣,漢堂中醫診所,屏東市廣東路1382之2號
725,1249,屏東縣,康霖中醫診所,屏東縣潮州鎮府洋北街90號
726,1255,屏東縣,明泰中醫診所,屏東縣東港鎮中正路一段341號
727,1236,屏東縣,六和堂中醫診所,屏東市廣東路43之3號
728,1263,屏東縣,振德中醫診所,屏東縣南州鄉人和路52號
729,1243,屏東縣,淮元中醫診所,屏東市興豐路82號
730,1241,屏東縣,京祺中醫診所,屏東市民族路275之5號
731,1247,屏東縣,春安堂中醫診所,屏東縣潮州鎮新生路18號
732,1246,屏東縣,華富中醫診所,屏東市民族路174之1號
733,1250,屏東縣,長昇中醫診所,屏東縣潮州鎮曲江街62號
734,1234,屏東縣,仁光中醫診所,屏東市廣東南路260號
735,1257,屏東縣,陽明中醫診所,屏東縣萬丹鄉萬壽路二段269號
736,1233,屏東縣,至德中醫診所,屏東市建南路134號
737,1237,屏東縣,慶安中醫診所,屏東市自由路420之6號
738,1411,屏東縣,齊心中醫診所,屏東縣崁頂鄉中正路154號1樓
739,1555,屏東縣,大同中醫診所,屏東市大同北路116號
740,1230,屏東縣,高雄榮民總醫院屏東分院,屏東縣內埔鄉昭勝路安平1巷1號
741,1231,屏東縣,屏東基督教醫院中醫科,屏東市大連路60號
742,1232,屏東縣,民眾醫院中醫科,屏東市忠孝路155之6號2樓
743,1245,屏東縣,濟世中醫診所,屏東市自由路379號
744,1248,屏東縣,人仁中醫診所,屏東縣潮州鎮文化路136號
745,1252,屏東縣,潮州黃耆中醫診所,屏東縣潮州鎮五福路18之7號
746,1253,屏東縣,黃耆中醫診所,屏東縣東港鎮中正路一段332號
747,1256,屏東縣,陳皮中醫診所,屏東縣東港鎮明德一路371號
748,1260,屏東縣,福德中醫診所,屏東縣里港鄉永春村路42號
749,1262,屏東縣,崇益中醫診所,屏東縣枋寮鄉中山路246之5號
750,1264,屏東縣,張世材中醫診所,屏東縣佳冬鄉石光村中山路150號
751,1265,屏東縣,琉球中醫診所,屏東縣琉球鄉三民路201號
752,1409,彰化縣,順泰中醫診所,彰化市仁愛路110號
753,758,彰化縣,祥順中醫聯合診所,彰化市中民街70號
754,774,彰化縣,仁愛中醫聯合診所,彰化縣員林市中山南路36號
755,766,彰化縣,國寶中醫診所,鹿港鎮中山路305號
756,761,彰化縣,榮癸貞中醫診所,彰化市崙平南路145號
757,771,彰化縣,東方中醫診所,和美鎮仁安路13號
758,1616,彰化縣,正泰成中醫診所,彰化縣溪湖鎮彰水路4段96號
759,1424,彰化縣,健盛中醫診所,彰化市彰美路一段143號
760,775,彰化縣,蕭森霖中醫診所,員林市中正路96號
761,791,彰化縣,長青中醫診所,花壇鄉中正路78號
762,1530,彰化縣,華良中醫診所,彰化縣彰化市自強南路48號
763,763,彰化縣,仁安堂中醫診所,彰化市天祥路247號
764,767,彰化縣,賴鵬飛中醫診所,和美鎮山犁里鹿和路6段371號
765,779,彰化縣,三合貴中醫診所,員林市新義街326號
766,1371,彰化縣,詠春中醫診所,彰化市東民街67號
767,782,彰化縣,謝天中醫診所,彰化縣溪湖鎮中興路113號
768,772,彰化縣,寶田中醫診所,北斗鎮中華路260號
769,780,彰化縣,建安中醫診所,員林市中正路299號
770,769,彰化縣,天水堂中醫診所,和美鎮彰美路六段40號
771,1391,彰化縣,彰化鹿港基督教醫院,彰化縣鹿港鎮中正路480號
772,756,彰化縣,彰化基督教醫院,彰化市南校街135號
773,1467,彰化縣,東宜中醫診所,彰化市彰南路一段33號
774,788,彰化縣,厚德中醫診所,伸港鄉新港路78號
775,770,彰化縣,宏安中醫診所,彰化縣和美鎮中正路156號
776,762,彰化縣,上安中醫診所,彰化市中山路2段636號
777,773,彰化縣,勢登中醫診所,北斗鎮斗苑路一段94號
778,784,彰化縣,岐黃中醫診所,溪湖鎮福安路122號
779,1465,彰化縣,信義中醫診所,彰化市天祥路243巷10號
780,789,彰化縣,昌德中醫診所,彰化縣秀水鄉福安村中山路529號
781,764,彰化縣,陳宜見中醫診所,彰化市辭修路182-1號
782,1410,彰化縣,延安中醫診所,彰化市民生路219號
783,1468,彰化縣,仲慶中醫診所,彰化縣埤頭鄉永豐村永安街64號
784,781,彰化縣,民安中醫診所,溪湖鎮西環路217號
785,777,彰化縣,蘭平中醫診所,員林市南平街139號
786,768,彰化縣,一品堂中醫診所,和美鎮永樂路63號
787,783,彰化縣,杏林堂中醫診所,溪湖鎮光平里彰水路三段383號
788,790,彰化縣,佳仁堂中醫診所,花壇鄉中山路2段60號
789,765,彰化縣,一品堂鹿港中醫診所,鹿港鎮中正路422號
790,787,彰化縣,品豪中醫診所,線西鄉沿海路一段812-1號
791,1466,彰化縣,寶山中醫診所,彰化縣伸港鄉大同村大同9街137號
792,754,彰化縣,彰化秀傳紀念醫院,彰化市中山路一段542號
793,755,彰化縣,員榮醫院員生院區,員林市莒光路359號
794,757,彰化縣,永生中醫診所,彰化市中正路一段327號
795,759,彰化縣,王耀賢中醫診所,彰化市彰美路一段110巷103-5號
796,776,彰化縣,神農中醫診所,員林市中正路400巷13號
797,778,彰化縣,統銓中醫診所,員林市正興街368號
798,785,彰化縣,德桂中醫診所,二林鎮南安路30號
799,786,彰化縣,順武堂中醫診所,二林鎮文華一街21號
800,1388,彰化縣,漢銘基督教醫院,彰化縣彰化市中山路一段366號
801,1390,彰化縣,衛生福利部彰化醫院,彰化縣埔心鄉中正路二段80號
802,1425,彰化縣,常春醫院,彰化縣員林市員集路二段501號
803,1462,彰化縣,泰安中醫診所,彰化縣秀水鄉彰水路二段657號
804,1463,彰化縣,陳增智中醫診所,彰化縣伸港鄉忠孝路25號
805,1464,彰化縣,文禾中醫診所,彰化縣鹿港鎮復興路374號
806,1469,彰化縣,皇誠中醫診所,彰化市和調里工校街25號1樓
807,1529,彰化縣,冠頤中醫診所,彰化市三民路257號
808,1605,彰化縣,陽明中醫診所,鹿港鎮玉順里中山路402號
809,264,新北市,安美中醫診所,新北市三重區文化北路97號
810,236,新北市,靈群閣中醫診所,新北市板橋區裕民街56巷3號1樓
811,255,新北市,保安堂中醫診所,新北市三重區正義北路47號
812,261,新北市,軒林中醫診所,新北市三重區三和路四段217號
813,253,新北市,龍安中醫診所,新北市三重區仁愛街680號
814,252,新北市,忠孝龍安中醫診所,新北市三重區忠孝路2段53號
815,244,新北市,天祐中醫診所,新北市板橋區三民路二段119號
816,208,新北市,新北市立土城醫院,新北市土城區金城路二段6號
817,307,新北市,安慶中醫診所,新北市新店區安康路三段51號1樓
818,1333,新北市,三重養生堂中醫診所,新北市三重區龍門路28號
819,1336,新北市,三元中醫診所,新北市中和區中興街202巷16-1號1樓
820,350,新北市,大漢中醫診所,新北市汐止區忠孝東路212號1樓
821,348,新北市,大新中醫診所,新北市汐止區樟樹一路141巷1號1樓
822,250,新北市,正五華中醫診所,新北市三重區溪尾街121號
823,367,新北市,林口悅兒親子中醫診所,新北市林口區文化二路一段392號1樓
824,1534,新北市,安康中醫診所,新北市新店區安康路二段175號
825,1514,新北市,秀峰中醫診所,新北市汐止區新台五路2段9號
826,1518,新北市,土城建宏中醫診所,新北市土城區中央路一點260-2號1樓
827,1519,新北市,中和健宏中醫聯合診所,新北市中和區景新街293號及295巷1號1樓
828,358,新北市,鴻昇中醫診所,新北市蘆洲區復興路106號
829,1489,新北市,永和健生堂中醫診所,新北市永和區仁愛路218號
830,1450,新北市,康欣中醫診所,新北市三重區中正北路79號
831,1522,新北市,漢昌中醫診所,新北市樹林區保安街一段315號
832,1525,新北市,健福中醫診所,新北市板橋區三民路一段54，56號
833,257,新北市,惟康中醫診所,新北市三重區長榮路8號1樓
834,218,新北市,榮德中醫診所,新北市板橋區懷德街131號1樓
835,334,新北市,新莊易元堂中醫診所,新北市新莊區幸福路680號1樓
836,237,新北市,板橋新生堂中醫診所,新北市板橋區文化路一段188巷17號1樓
837,280,新北市,從容中醫診所,新北市永和區中山路一段202號1樓
838,369,新北市,禾生堂中醫診所,新北市深坑區北深路二段184號
839,323,新北市,舞鶴中醫診所,新北市新莊區新泰路124號1樓
840,241,新北市,潤宇堂中醫診所,新北市板橋區重慶路175號
841,258,新北市,璟欣中醫診所,新北市三重區三和路四段199號
842,328,新北市,又一春中醫診所,新北市新莊區新泰路288號1樓
843,279,新北市,祥同中醫診所,新北市永和區竹林路150、152號
844,1405,新北市,聖和中醫診所,新北市土城區廣興街28、30號
845,262,新北市,慶竹中醫診所,新北市三重區五華街178號1樓
846,284,新北市,靖林中醫診所,新北市永和區中正路718號
847,1511,新北市,聖恩中醫診所,新北市板橋區陽明街126號1樓
848,1345,新北市,尊生堂中醫診所,新北市新莊區幸福路81號
849,311,新北市,永福中醫診所,新北市新莊區民安西路67號
850,305,新北市,妍喜中醫診所,新北市中和區景平路335號1樓
851,363,新北市,妙吉祥中醫診所,新北市林口區仁愛路2段269號2樓之1
852,1517,新北市,秀景中醫診所,新北市中和區成功路105號
853,1613,新北市,遠東中醫診所,新北市板橋區漢生東路335號
854,275,新北市,祥寧中醫診所,新北市永和區中興街104、106號
855,347,新北市,廣緣堂中醫診所,新北市汐止區明峰街132號
856,1516,新北市,健榮中醫診所,新北市汐止區康寧街487號1樓
857,210,新北市,泰源中醫診所,新北市板橋區四川路一段98號
858,341,新北市,易安中醫診所,新北市三峽區中華路51號
859,256,新北市,長駥堂中醫診所,新北市立三重區力行路二段180號
860,231,新北市,仁得中醫診所,新北市板橋區民權路258之7號1樓
861,1490,新北市,星光中醫診所,新北市泰山區明志路一段81號
862,1549,新北市,大順中醫診所,新北市五股區成泰路二段196號
863,294,新北市,康乃馨中醫診所,新北市中和區中正路137號
864,215,新北市,仁心中醫診所,新北市板橋區北門街42-3號
865,343,新北市,慶安中醫診所,新北市淡水區中山路143號
866,228,新北市,宏昌中醫診所,新北市板橋區新海路3號
867,368,新北市,聯生中醫診所,新北市林口區三民路108號1樓
868,214,新北市,人和中醫診所,新北市板橋區溪北路48號
869,249,新北市,林寶華中醫診所,新北市三重區中正北路218號1樓
870,360,新北市,周中醫診所,新北市五股區成泰路二段182號
871,1520,新北市,健宏中醫診所,新北市新店區中央里中央路198號
872,1334,新北市,延和中醫診所,新北市土城區延和路127號
873,222,新北市,吉安中醫診所,新北市板橋區篤行路三段78號1樓
874,272,新北市,健祐中醫診所,新北市永和區竹林路173號
875,229,新北市,裕安中醫診所,新北市板橋區中山路2段487號
876,283,新北市,宜庭中醫診所,新北市永和區永貞路439號1樓
877,331,新北市,泰和中醫診所,新北市新莊區公園路18號1樓
878,339,新北市,正峰中醫診所,新北市鶯歌區光明街169號一樓171號一樓
879,338,新北市,厚德中醫診所,新北市樹林區中正路851號
880,321,新北市,岐黃中醫診所,新北市新莊區復興路二段150號
881,335,新北市,賀元中醫聯合診所,新北市樹林區中山路一段158號
882,336,新北市,福康中醫診所,新北市樹林區中山路一段216號
883,213,新北市,家福中醫診所,新北市板橋區雙十路三段43號1樓
884,306,新北市,頌和中醫診所,新北市中和區景平路666號1樓
885,296,新北市,澄品中醫診所,新北市中和區泰和街2號
886,277,新北市,臻觀中醫診所,新北市永和區永貞路8號
887,1341,新北市,品宣中醫診所,新北市新店區北新路三段145號2樓
888,1338,新北市,元新中醫診所,新北市永和區福和路145號3樓
889,1344,新北市,品妍中醫診所,新北市新莊區幸福路672號2樓
890,354,新北市,同仁堂中醫診所,新北市蘆洲區信義路297號
891,267,新北市,三重同仁堂中醫診所,新北市三重區忠孝路二段99號
892,308,新北市,國華中醫診所,新北市新店區北新路3段86號
893,1515,新北市,北新中醫診所,新北新新店區北宜路一段35號
894,317,新北市,彤發中醫診所,新北市新莊區龍安路1之1號1樓
895,319,新北市,超群中醫診所,新北市新莊區中正路321號
896,351,新北市,土城明師中醫聯合診所,新北市土城區中正路一號1-2樓
897,281,新北市,世峰中醫診所,新北市永和區豫溪街50號
898,276,新北市,泉安堂中醫診所,新北市永和區竹林路4號
899,285,新北市,景新中醫診所,新北市中和區景新街448號
900,288,新北市,詠德中醫診所,新北市中和區中正路47號1樓
901,247,新北市,德睿中醫診所,新北市板橋區華興街62號
902,310,新北市,聯安中醫診所,新北市新莊區中港路240號
903,332,新北市,昇源中醫診所,新北市新莊區化成路265號
904,297,新北市,明儒中醫診所,新北市中和區大仁街19巷3號1樓
905,320,新北市,三德中醫診所,新北市新莊區復興路二段41號
906,1404,新北市,康博中醫診所,新北市中和區新生街283號1樓
907,260,新北市,真如中醫診所,新北市三重區文化南路特8號
908,287,新北市,國耀中醫診所,新北市中和南山路166號
909,221,新北市,全泰中醫診所,新北市板橋區中山路2段78號1樓
910,248,新北市,百昌堂中醫診所,新北市三重區自強路二段一號
911,242,新北市,橘泉中醫診所,新北市板橋區四維路179-1號
912,301,新北市,新生堂中醫診所,新北市中和區新生街142號
913,337,新北市,鈺唐中醫診所,新北市樹林區後站街3巷14號
914,240,新北市,薇晶中醫診所,新北市板橋區民生路三段83號1樓
915,322,新北市,麗景中醫診所,新北市新莊區幸福路66號
916,274,新北市,永和易元堂中醫診所,新北市永和區中正路62號
917,223,新北市,太乙中醫診所,新北市板橋區溪北路74號
918,1346,新北市,國慶中醫診所,新北市鶯歌區國慶街114號
919,1533,新北市,國光中醫診所,新北市板橋區國光路157號
920,289,新北市,三大中醫診所,新北市中和區景平路452號
921,1427,新北市,仁合中醫診所,新北市三峽區文化路112號
922,355,新北市,啟新中醫診所,新北市蘆洲區中正路197號1樓
923,225,新北市,祐新中醫診所,新北市板橋區文化路1段306號1、2樓
924,216,新北市,回春中醫診所,新北市板橋區國光路17號
925,251,新北市,陳逸德中醫診所,新北市三重區中央南路2號
926,342,新北市,賢明中醫診所,新北市三峽區文化路46號
927,340,新北市,元津堂中醫診所,新北市三峽區民生街146巷19號
928,1389,新北市,衛生福利部臺北醫院,新北市新莊區思源路127號
929,1452,新北市,禪心中醫診所,新北市新店區中興路三段221之一號
930,361,新北市,時珍中醫診所,新北市泰山區明志路三段147號1，2樓
931,1449,新北市,神農中醫診所,新北市新莊區新泰路342號
932,1339,新北市,唯其中醫診所,新北市汐止區建成路59巷63號1樓
933,206,新北市,衛生福利部樂生療養院,新北市新莊區中正路794號
934,207,新北市,行天宮恩主公醫院,新北市三峽區中山路198號
935,209,新北市,長榮中醫診所,新北市蘆洲區長榮路55號
936,211,新北市,德昇中醫診所,新北市板橋區中正路37號1樓、B1
937,219,新北市,施丞修中醫診所,新北市板橋區中山路362號
938,220,新北市,坤儒中醫診所,新北市板橋區陽明街77號
939,224,新北市,康宸中醫診所,新北市板橋區南門街43號1、2、3樓
940,226,新北市,一心中醫診所,新北市板橋區懷德街117號1樓
941,227,新北市,江翠中醫診所,新北市板橋區雙十路三段3號
942,230,新北市,鼎超中醫診所,新北市板橋區雙十路二段47巷8弄16號1樓
943,232,新北市,郭中醫診所,新北市板橋區南雅西路二段182號
944,234,新北市,老記保壽堂中醫診所,新北市板橋區龍興街16號
945,235,新北市,仲德中醫診所,新北市板橋區文聖街157號
946,238,新北市,東芳榮妹中醫診所,新北市板橋區貴興路82號
947,239,新北市,六合堂中醫診所,新北市板橋區中正路332－4號1樓
948,243,新北市,百善堂中醫診所,新北市板橋區新海路344號
949,245,新北市,六安堂中醫診所,新北市板橋區忠孝路39號
950,246,新北市,御品堂中醫診所,新北市板橋區長安街333號1樓
951,254,新北市,益成中醫診所,新北市三重區三和路二段77號
952,259,新北市,六福堂中醫診所,新北市三重區正義北路211號
953,263,新北市,松鶴中醫診所,新北市三重區過圳街7巷36號1樓
954,265,新北市,健安堂中醫診所,新北市三重區重新路一段72號
955,266,新北市,健安中醫診所,新北市三重區碧華街141號1樓
956,268,新北市,仁安堂中醫診所,新北市三重區三和路四段133號
957,269,新北市,三重天慕堂中醫診所,新北市三重區中正南路165號
958,270,新北市,俊發中醫診所,新北市永和區復興街31號
959,282,新北市,永樂中醫診所,新北市永和區中山路一段14號
960,286,新北市,漢唐中醫診所,新北市中和區捷運路125號
961,290,新北市,雋恩中醫診所,新北市中和區景德街30號
962,291,新北市,元宇中醫診所,新北市中和區新生街241號
963,292,新北市,詹錫彥中醫診所,新北市中和區宜安路159號
964,293,新北市,富邦中醫診所,新北市中和區忠孝街85號1樓
965,295,新北市,揚銘中醫診所,新北市中和區圓通路234號
966,298,新北市,潤泰中醫診所,新北市中和區員山路409號1樓、411號1樓
967,299,新北市,景安現代中醫診所,新北市中和區景平路558號1樓
968,300,新北市,沐心中醫診所,新北市中和區興南路一段159號1樓
969,302,新北市,明芯中醫診所,新北市中和區景平路561號
970,309,新北市,必安中醫診所,新北市新店區安德街75號
971,312,新北市,賀安中醫診所,新北市新莊區龍安路495號1樓
972,313,新北市,長青中醫診所,新北市新莊區民安西路十三號一樓
973,314,新北市,佑德中醫診所,新北市新莊區八德街137號1樓
974,315,新北市,美恩中醫診所,新北市新莊區幸福路46號
975,316,新北市,御漢堂中醫診所,新北市新莊區中平路267號1樓
976,318,新北市,聯合中醫診所,新北市新莊區景德路384號
977,324,新北市,宏泰中醫診所,新北市新莊區自立街112號1樓
978,325,新北市,幸福中醫診所,新北市新莊區幸福路552號
979,326,新北市,至善堂中醫診所,新北市新莊區後港一路24號
980,327,新北市,宏嘉中醫診所,新北市新莊區幸福路815號1樓
981,329,新北市,澄杏中醫診所,新北市新莊區幸福東路133號
982,330,新北市,靜好中醫診所,新北市新莊區化成路217號1樓
983,333,新北市,瑞和中醫診所,新北市新莊區中平路363號1樓
984,346,新北市,新悅中醫診所,新北市淡水區英專路21巷30號1樓
985,349,新北市,杞子中醫診所,新北市汐止區福德二路120號1樓
986,352,新北市,土城仁安堂中醫診所,新北市土城區中央路二段207號
987,353,新北市,合安中醫診所,新北市土城區延吉街119號
988,356,新北市,大祐中醫診所,新北市蘆洲區中正路47號
989,357,新北市,芊瓏中醫診所,新北市蘆洲區復興路74號
990,359,新北市,六善堂中醫診所,新北市蘆洲區中華街7號
991,362,新北市,泰明中醫診所,新北市泰山區明志路2段379號1樓
992,364,新北市,林口真如中醫診所,新北市林口區文化三路一段571號
993,365,新北市,懷臨堂中醫診所,新北市林口區公園路193號
994,366,新北市,德心中醫診所,新北市林口區文化三路一段394巷2號1樓
995,370,新北市,吉元堂中醫診所,新北市金山區忠孝一路26號1樓
996,1335,新北市,玉生堂中醫診所,新北市土城區學府路一段155巷5號一樓
997,1340,新北市,裕芳中醫診所,新北市板橋區貴興路38號
998,1342,新北市,康健堂中醫診所,新北市新莊市新泰路307號1樓
999,1343,新北市,有慶中醫診所,新北市新莊區民安西路311號1樓之1
1000,1406,新北市,建全中醫診所,新北市板橋區重慶路279號
1001,1470,新北市,大宏中醫診所,新北市瑞芳區明燈路三段71號1樓
1002,1491,新北市,宏安中醫診所,新北巿三重區自強路一段254號
1003,1512,新北市,立安中醫診所,新北市中和區興南路一段119號
1004,1513,新北市,深耕中醫診所,新北市深坑區深坑街3巷5號
1005,1521,新北市,渼林中醫診所,新北市土城區清水路179號1樓
1006,1526,新北市,弘新中醫診所,新北市土城區裕民路280號3樓
1007,1532,新北市,清水建全中醫診所,新北市土城區明德路一段59號
1008,1536,新北市,長榮中醫診所,新北市蘆洲區長榮路55號
1009,1541,新北市,昌隆中醫診所,新北市新莊區幸福路64巷4弄3號1樓
1010,1542,新北市,聖昇中醫診所,新北市永和區中正路109號2樓
1011,1551,新北市,孫中醫診所,新北市鶯歌區國慶街154號
1012,1553,新北市,漢唐中醫診所,新北市中和區捷運路125號1樓
1013,1556,新北市,慈愛中醫診所,新北市樹林區日新街52號
1014,1561,新北市,元慶中醫診所,新北市中和區保健路27之4號
1015,1575,新北市,慈恩中醫診所(三峽),新北市三峽區文化路70號
1016,1587,新北市,九和堂中醫診所,新北市新莊區雙鳳路41號
1017,1604,新北市,鴻林中醫診所,新北市板橋區成都街37號一摟
1018,1618,新北市,新昌中醫診所,新北市板橋區府中路24號2樓
1019,1621,新北市,佑康中醫診所,新北市樹林區學成路478號1樓
1020,1623,新北市,林口真如中醫診所,新北市林口區文化三路一段571號
1021,1624,新北市,得康中醫,新北市蘆洲區中原路41號1樓
1022,1622,新北市,康源中醫診所,新北市永和區得和路351號
1023,499,新竹市,秀善中醫診所,新竹市東區西門街223號
1024,464,新竹市,慶仁眼科內科中醫診所,新竹市東區中華路二段381號
1025,495,新竹市,真澄中醫診所,新竹市東區復中里民權路169號
1026,467,新竹市,保順中醫診所,新竹市東區光復路一段181號
1027,479,新竹市,琉璃光中醫診所,新竹市東區南大路93-1號
1028,512,新竹市,惠生中醫診所,新竹市北區北新街125號
1029,466,新竹市,詹台杰中醫診所,新竹市東區中央路182號2樓
1030,483,新竹市,和杏中醫診所,新竹市東區光復路一段561號
1031,476,新竹市,上明中醫診所,新竹市東區光復路一段266號
1032,469,新竹市,仁和堂中醫診所,新竹市東區經國路一段702號
1033,486,新竹市,蔡宗璟中醫診所,新竹市中正路72號
1034,477,新竹市,慶暉中醫診所,新竹市東區食品路181號
1035,507,新竹市,聖堯中醫診所,新竹市北區武陵路65號
1036,505,新竹市,仁愛中醫診所,新竹市林森路310號
1037,515,新竹市,常榮中醫診所,新竹市中山路273號
1038,468,新竹市,常春中醫診所,新竹市東區南大路362號
1039,473,新竹市,元安中醫診所,新竹市東區食品路448號
1040,501,新竹市,陳彥吉中醫診所,新竹市北區四維路36號
1041,509,新竹市,同安堂中醫診所,新竹市北區武陵路92號
1042,484,新竹市,大同中醫診所,新竹市東區民族路255號
1043,472,新竹市,科理中醫診所,新竹市東區東南街140號
1044,496,新竹市,李如英中醫診所,新竹市東區中山路32號
1045,470,新竹市,漢華中醫診所,新竹市東區南大路110之1號
1046,487,新竹市,李思慧中醫診所,新竹市光復路一段256號
1047,471,新竹市,晉業中醫診所,新竹市東區新莊街13號
1048,500,新竹市,宜森中醫診所,新竹市北區金竹路126號1樓
1049,482,新竹市,仁濟中醫診所,新竹市東區建功一路91號
1050,489,新竹市,騏佑中醫診所,新竹市西大路69號
1051,497,新竹市,順良中醫診所,新竹市北區湳雅街2之2號
1052,502,新竹市,一品堂中醫診所,新竹市北區中華路三段16號
1053,462,新竹市,聯樺中醫診所,新竹市東區建中一路10號
1054,508,新竹市,嘉心堂中醫診所,新竹市北區湳雅街176號
1055,463,新竹市,劉中醫診所,新竹市東區光復路一段314號
1056,465,新竹市,華信中醫診所,新竹市東區中央路301號
1057,474,新竹市,華陽中醫診所,新竹市東區建功一路133號
1058,475,新竹市,丞太中醫診所,新竹市東區民權路49號
1059,478,新竹市,進安中醫診所,新竹市東區中華路二段574號
1060,480,新竹市,陳俊麟中醫診所,新竹市東區東光路45號
1061,481,新竹市,益元堂中醫診所,新竹市東區文化街78號
1062,485,新竹市,恩慈經典中醫診所,新竹市東區光復路一段360-15號
1063,488,新竹市,新桐中醫診所,新竹市民族路37號一樓
1064,490,新竹市,長青中醫診所,新竹市中正路71號1樓、2樓
1065,491,新竹市,薇竹中醫診所,新竹市新源街138號一樓
1066,492,新竹市,恆安堂中醫診所,新竹市東區勝利路51號
1067,493,新竹市,勻品中醫診所,新竹市東區寺前里南大路372號1樓
1068,494,新竹市,祥發中醫診所,新竹市東區光復路一段261號
1069,498,新竹市,大興中醫診所,新竹市北區光田里水田街192號
1070,503,新竹市,林金龍中醫診所,新竹市北區北門街47號
1071,504,新竹市,康宸中醫診所,新竹市東區經國路二段378號
1072,506,新竹市,林淑玲中醫診所,新竹市北區竹光路149號
1073,510,新竹市,張菊元中醫診所,新竹市北區湳雅街136號
1074,511,新竹市,樺葳中醫診所,新竹市北區水田街174號
1075,513,新竹市,萬安內科痔科中醫診所,新竹市東區大同路8號
1076,514,新竹市,厚生中醫診所,新竹市東區中山路140號
1077,1593,新竹縣,玄唐中醫診所,新竹縣竹北市博愛街418號1樓
1078,460,新竹縣,均安中醫診所,新竹縣新豐鄉泰安街82號
1079,1350,新竹縣,順安中醫診所,竹北市博愛街198號
1080,1493,新竹縣,宥銨中醫診所,新竹縣竹北市福興一路28號
1081,442,新竹縣,天安中醫診所,竹北市博愛街379號
1082,454,新竹縣,晉醫堂中醫診所,新竹縣竹北市莊敬南路75號ㄧ樓
1083,459,新竹縣,長安中醫診所,新豐鄉新興路237號
1084,438,新竹縣,懷恩中醫診所,新竹縣關西鎮中興路2-3號2樓
1085,461,新竹縣,上上中醫診所,新竹縣新豐鄉建興路一段74號
1086,449,新竹縣,仁人中醫診所,新竹縣竹北市華興街150號
1087,457,新竹縣,保安中醫診所,湖口鄉中正路1段141號
1088,458,新竹縣,盧廷圳中醫診所,新竹縣湖口鄉忠孝路26號
1089,453,新竹縣,禪中醫診所,竹北市福興東路二段162號
1090,436,新竹縣,臺北榮民總醫院新竹分院,新竹縣竹東鎮中豐路1段81號
1091,441,新竹縣,祐祥中醫診所,新竹縣竹東鎮東寧路3段175號
1092,451,新竹縣,一品堂竹北中醫診所,竹北市中正東路143號
1093,437,新竹縣,中國醫大新竹分院,竹北市興隆路一段199號
1094,439,新竹縣,和新中醫診所,新竹縣竹東鎮中正路111號
1095,440,新竹縣,上明中醫聯合診所,新竹縣竹東鎮東林路77號
1096,443,新竹縣,仁義中醫診所,竹北市成功六街57號
1097,444,新竹縣,安興中醫診所,新竹縣竹北市三民路407號
1098,445,新竹縣,永濟中醫診所,竹北市博愛街281號
1099,446,新竹縣,光明中醫診所,新竹縣竹北市復興三路二段70號
1100,447,新竹縣,天佑中醫診所,新竹縣竹北市縣政二路412號1、2樓
1101,448,新竹縣,聖昀中醫診所,新竹縣竹北市 成功六街 255號 一樓
1102,450,新竹縣,彭姵綸中醫診所,新竹縣竹北市嘉豐六路二段140號
1103,452,新竹縣,誠璞中醫診所,竹北市福興東路二段156號1樓
1104,455,新竹縣,照海中醫診所,新竹縣竹北市六家五路一段339號1樓
1105,456,新竹縣,人文中醫診所,新竹縣竹北市勝利三街71號
1106,427,桃園市,厚德堂中醫診所,桃園市八德區介壽路964號
1107,396,桃園市,億軒中醫診所,桃園市中壢區環北路351號
1108,434,桃園市,一品堂中醫診所,桃園市平鎮區延平路二段91號1樓
1109,1592,桃園市,廣仁堂中醫診所,桃園市八德區和平路11號
1110,419,桃園市,青埔悅兒親子中醫診所,桃園市大園區高鐵南路一段121號
1111,421,桃園市,悅兒親子中醫診所,桃園市龜山區文化一路10巷26號
1112,381,桃園市,仁心堂中醫診所,桃園市桃園區中山北路96號
1113,1591,桃園市,廣和中醫診所,桃園市桃園區永安路300號
1114,1314,桃園市,杏恩中醫診所,32086桃園市中壢區中美路2段150號1樓
1115,408,桃園市,澄美中醫診所,桃園市中壢區福德路64號1樓
1116,1322,桃園市,永敬中醫診所,桃園市桃園區信光路87號
1117,403,桃園市,中壢同慶中醫診所,桃園市中壢區中正路357號1至3樓
1118,1324,桃園市,宜康中醫診所,桃園市中壢區忠孝路164號
1119,1316,桃園市,康綸中醫診所,33754桃園市大園區果林路223號
1120,378,桃園市,漢醫中醫診所,33066桃園市桃園區復興路405號
1121,1315,桃園市,同德中醫診所,32090桃園市中壢區龍昌路475號
1122,1498,桃園市,弘安堂中醫聯合診所,桃園市中壢區莊敬路151號
1123,422,桃園市,聯生中醫診所,桃園市龜山區文昌一街 5號1樓
1124,394,桃園市,華泰中醫診所,桃園市中壢區健行路153-1號
1125,379,桃園市,鄭建祥中醫診所,桃園市桃園區國際路一段1040號
1126,1598,桃園市,振興中醫診所,桃園市觀音區大觀路一段512號
1127,415,桃園市,安康中醫診所,桃園市蘆竹區南順七街27號
1128,425,桃園市,龜山文學風澤中醫診所,桃園市龜山區文學路255號
1129,420,桃園市,青埔風澤中醫診所,桃園市大園區公園路一段80號
1130,392,桃園市,龍安風澤中醫診所,桃園市桃園區龍安街157號1樓
1131,409,桃園市,站前內壢風澤中醫診所,桃園市中壢區福德路15號
1132,391,桃園市,藝文風澤中醫診所,桃園市桃園區中正路1126號
1133,424,桃園市,龜山風澤中醫診所,桃園市龜山區萬壽路二段982號
1134,388,桃園市,大業風澤中醫診所,桃園市桃園區大業路一段428號1樓
1135,413,桃園市,楊梅風澤中醫診所,桃園市楊梅區大成路106號
1136,435,桃園市,平鎮風澤中醫診所,桃園市平鎮區延平路二段65號
1137,428,桃園市,八德風澤中醫診所,桃園市八德區福國北路100號
1138,412,桃園市,埔心風澤中醫診所,桃園市楊梅區永美路334號
1139,417,桃園市,蘆山風澤中醫診所,桃園市蘆竹區中山路56-1號
1140,405,桃園市,中壢風澤中醫診所,桃園市中壢區延平路517號
1141,386,桃園市,寶山風澤中醫診所,桃園市桃園區寶山街207號
1142,416,桃園市,南崁風澤中醫診所,桃園市蘆竹區中正路355號
1143,418,桃園市,大竹風澤中醫診所,桃園市蘆竹區大竹路426-5號
1144,399,桃園市,內壢風澤中醫診所,桃園市中壢區環中東路149號
1145,384,桃園市,風澤中醫診所,桃園市桃園區中山路428號1樓
1146,406,桃園市,蕙辰中醫診所,32083桃園市中壢區普忠路233號
1147,414,桃園市,永康中醫診所,桃園市蘆竹區南崁路70號1樓
1148,398,桃園市,羅明江中醫診所,桃園市中壢區環北路155號1樓
1149,400,桃園市,青田中醫診所,桃園市中壢區中山路54號
1150,407,桃園市,明醫中醫診所,桃園市中壢區中山路54號
1151,1321,桃園市,龍潭竹善堂中醫診所,桃園市龍潭區北龍路２７５號１樓
1152,385,桃園市,馨田中醫診所,桃園市桃園區泰昌八街23號1樓
1153,1617,桃園市,仁心中醫聯合診所,桃園市龍潭區東龍路180號
1154,423,桃園市,樂山中醫診所,桃園市龜山區萬壽路二段 1088號1樓
1155,380,桃園市,德馨中醫診所,桃園市桃園區桃鶯路186-1號
1156,411,桃園市,永勝中醫診所,桃園市楊梅區四維二路139號
1157,404,桃園市,翊展中醫診所,桃園市中壢區龍岡路一段215號1樓
1158,382,桃園市,恩禾中醫診所,桃園市桃園區鎮撫街160號
1159,1578,桃園市,廣欣中醫診所,桃園市龜山區文化三路68號1樓
1160,1319,桃園市,成美中醫診所,32448桃園市平鎮區廣德街22號
1161,410,桃園市,誠泰中醫診所,桃園市中壢區中山東路四段94及96號1樓
1162,1325,桃園市,文青堂中醫診所,桃園市龜山區文青二路7號1樓
1163,376,桃園市,仁愛中醫診所,桃園市桃園區中山路28號
1164,393,桃園市,震天堂中醫診所,桃園市中壢區中山東路2段29號
1165,401,桃園市,內壢仁心堂中醫診所,桃園市中壢區仁愛路11號
1166,371,桃園市,衛生福利部桃園醫院,桃園市桃園區中山路1492號
1167,372,桃園市,衛生福利部桃園醫院新屋分院,8桃園市新屋區新屋村新福二路六號
1168,373,桃園市,林口長庚紀念醫院,桃園市龜山區復興街5號
1169,374,桃園市,桃園長庚紀念醫院,桃園市龜山區舊路村頂湖路123號
1170,375,桃園市,聯新國際醫院,桃園市平鎮區廣泰路77號
1171,377,桃園市,上德中醫診所,桃園市桃園區成功路二段30號
1172,383,桃園市,同安中醫診所,桃園市桃園區同安街366號
1173,387,桃園市,辰軒中醫診所,桃園市桃園區南平路302之1號2樓
1174,389,桃園市,芳禾中醫診所,桃園市桃園區成功路二段82號1樓
1175,395,桃園市,陳君隆中醫診所,桃園市中壢區莒光路27號1樓
1176,397,桃園市,松柏中醫診所,桃園市中壢區中山東路2段 187號1樓
1177,402,桃園市,仁人堂中醫診所,桃園市中壢區中山路202號1樓
1178,426,桃園市,國輝中醫診所,桃園市八德區廣豐路175號
1179,430,桃園市,仁安堂中醫診所,桃園市八德區介壽路一段811號
1180,431,桃園市,安聲中醫診所,桃園市龍潭區中正路171號
1181,432,桃園市,恩典中醫診所,桃園市龍潭區中正路312號1樓
1182,433,桃園市,恩惠中醫診所,桃園市龍潭區中正路312號1樓
1183,1317,桃園市,惠鼎中醫診所,32093桃園市中壢區龍東路98號
1184,1318,桃園市,大川中醫診所,桃園市桃園區宏昌八街136號1樓
1185,1320,桃園市,方濟中醫診所,桃園市中壢區中山東路三段246號
1186,1323,桃園市,真如堂中醫診所,桃園市大園區大觀路4號1樓
1187,1408,桃園市,華堂中醫診所,桃園市桃園區永安路379號1樓
1188,1434,桃園市,天莘中醫診所,桃園市蘆竹區南崁路336號
1189,1472,桃園市,宏壽中醫診所,桃園市中壢區中山路449號
1190,1496,桃園市,仁和堂中醫診所,桃園市中壢區中山東路3段111號
1191,1497,桃園市,國元中醫診所,桃園市桃園區慈文路197號
1192,1499,桃園市,大安中醫診所,桃園市桃園區中正路449號1樓
1193,1523,桃園市,中壢竹善堂中醫診所,桃園市中壢區中央西路一段39.41.43號2樓
1194,1538,桃園市,光隆中醫診所,桃園市中壢區中央西路2段39號
1195,1539,桃園市,新隆中醫診所,桃園市中壢區福德路12號1、2樓
1196,1560,桃園市,聖鶴堂中醫診所,桃園市中壢區榮民路１７１號１樓
1197,1576,桃園市,陽明中醫診所,33048桃園市桃園區鎮撫街50號
1198,1311,澎湖縣,長慶中醫診所,澎湖縣馬公市惠民一路10號
1199,1312,澎湖縣,錦山中醫診所,澎湖縣馬公市陽明路24號
1200,1313,澎湖縣,松安堂中醫診所,澎湖縣馬公市三多路352號
1201,958,臺南市,澄美中醫診所,台南市中西區和緯路五段191號
1202,985,臺南市,耕莘中醫診所,台南市南區新興路240號
1203,949,臺南市,澄明中醫診所,台南市東區崇學路139～1號
1204,983,臺南市,自然中醫診所,台南市南區大同路二段112巷1號
1205,934,臺南市,美德中醫醫院,台南市北區公園路661號
1206,975,臺南市,德全中醫診所,台南市東區崇德路680號
1207,940,臺南市,盈泰中醫診所,台南市關廟區中正路1023.1025號
1208,946,臺南市,仁安中醫診所,台南市東區東寧路235號
1209,964,臺南市,成功朝順中醫診所,台南市北區西門路21、23、25號
1210,936,臺南市,頤安堂中醫診所,台南市安定區港口里港口273號
1211,960,臺南市,和緯中醫診所,台南市北區和緯路二段169號
1212,974,臺南市,觀音中醫診所,台南市東區東門路三段205號
1213,965,臺南市,固本中醫診所,台南市安南區海佃路一段260號
1214,992,臺南市,朝順中醫診所,台南市北區文賢路606號
1215,970,臺南市,宸莘中醫診所,台南市安平區國平路152號
1216,955,臺南市,淯康中醫診所,台南市南區永華路一段257號
1217,967,臺南市,晨康中醫診所,台南市安南區安中路一段227號
1218,931,臺南市,台南市立醫院,台南市東區崇德路670號
1219,986,臺南市,陳金泉中醫診所,台南市中西區民族路三段266號
1220,966,臺南市,安南中醫診所,台南市安南區安中路二段166.168號
1221,999,臺南市,周良渝中醫診所,台南市安南區安和路一段170號
1222,942,臺南市,立宸中醫診所,台南市永康區北興路360號
1223,994,臺南市,韋睿宏中醫診所,台南市北區小東路345號
1224,1394,臺南市,禾豐中醫診所,台南市北區北安路一段187號
1225,963,臺南市,敦品中醫診所,台南市北區西門路三段77號
1226,977,臺南市,執善中醫診所,台南市東區崇善路539號
1227,995,臺南市,漢中中醫診所,台南市北區西門路四段236號
1228,1417,臺南市,衛生福利部嘉南療養院,臺南市仁德區裕忠路539號
1229,972,臺南市,吉泰中醫診所,台南市東區崇明路443號
1230,1000,臺南市,慶平中醫診所,台南市安平區慶平路237號
1231,996,臺南市,德祐中醫診所,台南市北區育德路490號
1232,973,臺南市,高瑭中醫診所,台南市東區大同路二段89號
1233,997,臺南市,宏安中醫診所,台南市北區文賢路637號
1234,969,臺南市,安平中醫診所,台南市安平區永華路二段821號
1235,989,臺南市,主恩中醫診所,台南市北區開元路182號
1236,941,臺南市,翊善中醫診所,台南市永康區文化路332號
1237,1393,臺南市,信華中醫診所,台南市南區金華路一段283號
1238,950,臺南市,黃于哲中醫診所,台南市南區健康路二段119號
1239,980,臺南市,章如瑛中醫診所,台南市東區怡東路46號
1240,978,臺南市,新善中醫診所,台南市東區崇善路908號
1241,953,臺南市,沐心中醫診所,台南市南區金華路二段170號
1242,976,臺南市,懷安堂中醫診所,台南市東區凱旋路33號
1243,979,臺南市,文化中醫診所,台南市東區崇明十街30號
1244,987,臺南市,參神堂中醫診所,台南市北區西門路三段189號
1245,929,臺南市,衛生福利部臺南醫院,台南市中西區中山路125號
1246,930,臺南市,衛生福利部臺南醫院新化分院,台南市新化區那拔里牧場72號
1247,932,臺南市,台南新樓醫院,台南市東區東門路一段57號
1248,933,臺南市,臺南市立安南醫院,台南市安南區長和路二段66號
1249,935,臺南市,武德中醫診所,台南市新化區中正路413號
1250,937,臺南市,尚原中醫診所,台南市仁德區中正路二段127號
1251,938,臺南市,信昌中醫診所,台南市歸仁區中山路一段481號
1252,943,臺南市,祥順中醫診所,台南市東區崇德路58號
1253,944,臺南市,唯心中醫診所,台南市東區東寧路443號
1254,945,臺南市,中鏵唐中醫診所,台南市東區中華東路三段126號
1255,947,臺南市,小森中醫診所,台南市東區裕忠路105號
1256,948,臺南市,全仁中醫診所,台南市東區崇成里崇道路20號1樓
1257,951,臺南市,榮光中醫診所,台南市南區明興路1239-1241號
1258,952,臺南市,承恩中醫診所,台南市南區夏林路7號之2
1259,954,臺南市,林律安中醫診所,台南市南區新興路470號
1260,956,臺南市,誠信中醫診所,台南市中西區忠義路二段205號
1261,957,臺南市,春元中醫診所,台南市中西區中華西路二段626號
1262,959,臺南市,世樺中醫診所,台南市北區公園路735號
1263,961,臺南市,大醫精誠中醫診所,台南市北區文賢路611號
1264,962,臺南市,艾苜中醫診所,台南市北區北安路一段239號
1265,968,臺南市,心連心中醫診所,台南市安平區國平里華平路178號
1266,981,臺南市,中義中醫診所,台南市南區金華路二段33巷40號
1267,982,臺南市,惠安中醫診所,台南市南區西門路一段551號
1268,988,臺南市,秉聖中醫診所,台南市北區西門路四段602號
1269,991,臺南市,陳天助中醫診所,台南市北區海安路三段755號
1270,993,臺南市,湯燕雪中醫診所,台南市北區和緯路三段182號
1271,998,臺南市,德州中醫診所,台南市安南區安和路一段127號
1272,1001,臺南市,慶恩中醫診所,台南市中西區府前路一段182號
1273,1376,臺南市,承鴻中醫診所,台南市中西區南門路159之2號
1274,1377,臺南市,一安堂中醫診所,台南市中西區南門路185號之5
1275,1378,臺南市,富源中醫診所,台南市仁德區中正路二段480號
1276,1492,臺南市,祥元中醫診所,台南市中西區民族路三段198號
1277,1544,臺南市,陳德森內傷科中醫診所,台南市東區林森路一段192號
1278,1567,臺南市,王睿宏中醫診所,台南市東區長榮路二段162號
1279,1606,臺南市,祥恩中醫診所,台南市安平區建平路567號
1280,1629,臺南市,和氣中醫診所,台南市東區崇明路369號
1281,1270,花蓮縣,松裕堂中醫診所,花蓮市中正路637號
1282,1268,花蓮縣,萬順外科中醫診所,花蓮市中山路76號
1283,1271,花蓮縣,江瑞庭中醫診所,花蓮市富吉路59號
1284,1267,花蓮縣,隆安中醫診所,花蓮市中山路523號
1285,1273,花蓮縣,仁濟中醫診所,花蓮市中正路43號
1286,1386,花蓮縣,德恩中醫診所,花蓮市和平路472號
1287,1279,花蓮縣,杏林中醫診所,花蓮縣玉里鎮光復路170號
1288,1266,花蓮縣,國軍花蓮總醫院,花蓮縣新城鄉嘉里村嘉里路163號
1289,1276,花蓮縣,信欣中醫診所,花蓮市民國路26號
1290,1274,花蓮縣,至誠中醫診所,花蓮市富國路142號
1291,1280,花蓮縣,嘉德中醫診所,花蓮縣新城鄉嘉里村福德路1號
1292,1283,花蓮縣,林政昇中醫診所,花蓮縣吉安鄉中華路2段178號
1293,1275,花蓮縣,良美中醫診所,花蓮市富吉路3號
1294,1269,花蓮縣,大新中醫診所,花蓮市中正路142-1號
1295,1277,花蓮縣,保生中醫診所,花蓮市建國路2段288號
1296,1285,花蓮縣,大正中醫診所,花蓮縣壽豐鄉豐山村中山路146號
1297,1282,花蓮縣,漢華中醫診所,花蓮縣吉安鄉中山路三段123號
1298,1284,花蓮縣,樂田中醫診所,花蓮縣吉安鄉建國路一段231號
1299,1272,花蓮縣,原相中醫診所,花蓮市和平路332之2號
1300,1278,花蓮縣,鳳林中醫診所,花蓮縣鳳林鎮中正路二段185號
1301,1281,花蓮縣,林秉龍中醫,花蓮縣新城鄉北埔村民族路46號
1302,1286,花蓮縣,大和中醫診所,花蓮縣光復鄉中正路1段149號
1303,529,苗栗縣,原德中醫診所,頭份市蟠桃里德義路102號
1304,534,苗栗縣,健康中醫診所,頭份市自強路2段53號
1305,539,苗栗縣,華杏中醫診所,公館鄉館東村大同路142號1樓
1306,537,苗栗縣,慈恩中醫診所,後龍鎮中山路104號
1307,540,苗栗縣,裕康中醫診所,公館鄉館東村14鄰大同路195號
1308,520,苗栗縣,京鼎中醫聯合診所,苗栗市中山路662號
1309,532,苗栗縣,康福中醫診所,頭份市和平里和平路43號
1310,526,苗栗縣,京湛中醫診所,竹南鎮博愛街154號
1311,530,苗栗縣,正中華中醫診所,頭份市中華路1121號
1312,535,苗栗縣,豐順中醫診所,頭份市建國路2段160號
1313,531,苗栗縣,保安堂中醫診所,頭份市中正路196號
1314,522,苗栗縣,晨唐中醫診所,苗栗市英才路199號
1315,538,苗栗縣,仁壽中醫診所,後龍鎮中龍街184號
1316,516,苗栗縣,慈祐醫院中醫部,竹南鎮民治街17號
1317,521,苗栗縣,保生堂中醫診所,苗栗市大同路130號
1318,519,苗栗縣,郭豐演中醫診所,苗栗市建功里府前路81號
1319,527,苗栗縣,林東宏中醫診所,竹南鎮光復路42-1號
1320,525,苗栗縣,百漢中醫診所,苑裡鎮新興路31-12號
1321,1392,苗栗縣,尚德中醫診所,苗栗市府東路61號1樓
1322,517,苗栗縣,南海中醫診所,苗栗市中山路789號
1323,518,苗栗縣,吳家熙中醫診所,苗栗市中山路814號
1324,523,苗栗縣,中山中醫診所,苗栗市為公路175號
1325,524,苗栗縣,康然中醫診所,苗栗市中正路295號1樓
1326,528,苗栗縣,科學中醫診所,頭份市中華路921號 新增
1327,533,苗栗縣,慶福堂中醫診所,頭份市中山路60號
1328,536,苗栗縣,彭賢正中醫診所,後龍鎮大庄里中山路202號
1329,541,苗栗縣,聖祐中醫診所,三灣鄉三灣村民權街6號
1330,1309,金門縣,卓家老舖中醫診所,金門縣金沙鎮后浦頭3號
1331,1614,金門縣,大方中醫診所,金門縣金城鎮環島北路一段26號
1332,1310,金門縣,豐元中醫診所,金門縣金寧鄉仁愛新村139號
1333,854,雲林縣,張中醫診所,虎尾鎮中山路25號1樓
1334,861,雲林縣,文心中醫診所,西螺鎮福興路165-2號
1335,848,雲林縣,弘恩中醫診所,雲林縣斗六市中華路288號1樓
1336,862,雲林縣,至誠堂中醫診所,北港鎮南安里光明路37號
1337,855,雲林縣,光晟中醫診所,虎尾鎮公安里林森路1段360巷7-2號
1338,1407,雲林縣,大成中醫聯合診所,斗六市鎮東路117號
1339,863,雲林縣,源茂中醫診所,北港鎮大同里大同路120號
1340,1373,雲林縣,建成中醫診所,西螺鎮光華里延平路400號
1341,856,雲林縣,東方虎尾中醫診所,虎尾鎮中正路329號
1342,852,雲林縣,國際中醫診所,斗南鎮民權路31號
1343,1615,雲林縣,明德堂中醫診所,虎尾鎮民族路23-3號
1344,858,雲林縣,南光中醫診所,虎尾鎮新生路62-1號1樓
1345,857,雲林縣,至善中醫診所,虎尾鎮新興里光復路303號
1346,851,雲林縣,國賢中醫診所,雲林縣斗六市明德北路3段355號
1347,1374,雲林縣,元氣堂中醫診所,虎尾鎮東明路126號
1348,868,雲林縣,扶原中醫診所,崙背鄉大業路28號
1349,842,雲林縣,雲林基督教醫院,西螺鎮新豐里市場南路375號
1350,849,雲林縣,安賢中醫診所,斗六市上海路136號1樓
1351,860,雲林縣,復春中醫診所,西螺鎮正興里光復西路120號
1352,845,雲林縣,黃憲唐中醫診所,斗六市北平路42號
1353,853,雲林縣,菩義霖中醫診所,斗南鎮新興街130號
1354,847,雲林縣,一品堂中醫診所,斗六市忠孝里永安路46號
1355,843,雲林縣,中國醫藥大學北港附設醫院,北港鎮新街里新德路123號
1356,1562,雲林縣,觀心中醫診所,土庫鎮中正路96-3號
1357,841,雲林縣,天主教若瑟醫院,虎尾鎮新生路74號
1358,866,雲林縣,宏安中醫診所,二崙鄉中山路171號
1359,865,雲林縣,泰成中醫診所,林內鄉中山路2-3號
1360,859,雲林縣,一品堂虎尾中醫診所,虎尾鎮信義路38號、40號之1樓
1361,850,雲林縣,崇德中醫診所,斗六市文化路69號
1362,1372,雲林縣,陳銘斌中醫診所,水林鄉水北村水林路104號
1363,844,雲林縣,虎尾鎮農會附設中醫診所,虎尾鎮新興里光復路185號
1364,846,雲林縣,上祐中醫診所,斗六市民生南路107號
1365,864,雲林縣,一古堂中醫診所,莿桐鄉中正路66巷19之2號
1366,1375,雲林縣,永傳中醫診所,褒忠鄉中民路133號
1367,1453,雲林縣,保生堂中醫診所,莿桐鄉莿桐村中山路173號
1368,1510,雲林縣,蘭心中醫診所,斗六市中堅西路228號1樓
1369,1071,高雄市,明鴻內婦科中醫診所,高雄市三民區義華路332號
1370,1186,高雄市,善德中醫診所,高雄市三民區皓東路171之4、171之5號
1371,1044,高雄市,高雄市立聯合醫院中醫科,高雄市鼓山區中華一路976號
1372,1213,高雄市,大雄中醫診所,高雄市苓雅區興中一路247號
1373,1189,高雄市,勝南中醫診所,高雄市三民區灣中街253號
1374,1073,高雄市,九如中醫診所,高雄市三民區九如二路456、458號1樓
1375,1603,高雄市,橋頭馬光中醫診所,高雄市橋頭區樹德路30號
1376,1597,高雄市,意凡馬光中醫診所,高雄市左營區店仔頂路32號
1377,1595,高雄市,佑昌馬光中醫診所,高雄市楠梓區德民路923號
1378,1219,高雄市,崇心中醫診所,高雄市苓雅區林森二路142號1、2樓
1379,1601,高雄市,明華馬光中醫診所,高雄市左營區明華一路192號
1380,1479,高雄市,心保泰中醫診所,高雄市鳳山區保泰路150號
1381,1596,高雄市,建功馬光中醫診所,高雄市三民區建工路700號1-3樓
1382,1594,高雄市,光華馬光中醫診所,高雄市苓雅區光華一路148-23號1-2樓
1383,1566,高雄市,尚揚馬光中醫診所,高雄市鳳山區文安街26號
1384,1524,高雄市,宸品中醫診所,高雄市新興區七賢一路510號1樓
1385,1090,高雄市,天乙中醫診所,高雄市三民區正興路187號
1386,1221,高雄市,趙家瑩中醫診所,高雄市前鎮區二聖一路98號
1387,1207,高雄市,翰林中醫診所,高雄市前金區中華三路179號1樓
1388,1080,高雄市,誠德中醫診所,高雄市三民區自立一路305、305之1號1樓
1389,1152,高雄市,得心中醫診所,高雄市彌陀區中正路93號
1390,1143,高雄市,禾豐中醫診所,高雄市鳳山區鳳松路300號
1391,1162,高雄市,行樂親子中醫診所,高雄市鼓山區華榮路432號
1392,1383,高雄市,惠德中醫診所,高雄市左營區華夏路220號
1393,1102,高雄市,康和中醫診所,高雄市新興區五福一路128號1樓
1394,1070,高雄市,趙望吉中醫診所,高雄市三民區九如一路913號
1395,1094,高雄市,陽明中醫診所,高雄市三民區覺民路586號
1396,1103,高雄市,張倩華中醫診所,高雄市新興區林森一路111號1樓
1397,1049,高雄市,天主教聖功醫院,高雄市苓雅區建國一路352號
1398,1426,高雄市,一生堂中醫診所,高雄市苓雅區光華一路33號1樓
1399,1384,高雄市,普笙中醫診所,高雄市苓雅區廣州一街121號1樓
1400,1087,高雄市,鼻安中醫診所,高雄市三民區民族一路7號1樓
1401,1082,高雄市,劉楠賢中醫診所,高雄市三民區正興路89號
1402,1220,高雄市,右東中醫診所,高雄市前鎮區一心一路243-2號
1403,1074,高雄市,進安中醫診所,高雄市三民區熱河一街351號
1404,1158,高雄市,元氣中醫診所,高雄市鼓山區裕誠路1509之6號
1405,1161,高雄市,明道中醫診所,高雄市鼓山區美術館路79號
1406,1187,高雄市,三民承德中醫診所,高雄市三民區大豐二路288號1樓
1407,1145,高雄市,泓民中醫診所,高雄市岡山區仁壽路36號
1408,1227,高雄市,福康中醫診所,高雄市小港區沿海一路347號1、2樓
1409,1084,高雄市,瑞安中醫診所,高雄市三民區陽明路392號1樓
1410,1202,高雄市,福悅中醫診所,高雄市新興區七賢一路398號
1411,1137,高雄市,新恩中醫診所,高雄市鳳山區鎮南街70號
1412,1191,高雄市,新世紀中醫診所,高雄市三民區河堤路592號1、2樓
1413,1199,高雄市,濟安中醫診所,高雄市新興區忠孝一路188號
1414,1089,高雄市,銘祥中醫診所,高雄市三民區立忠路2之1號
1415,1197,高雄市,莊敬中醫診所,高雄市三民區莊敬路11號
1416,1188,高雄市,漢芳中醫診所,高雄市三民區建工路481號
1417,1195,高雄市,博雄中醫診所,高雄市三民區博愛一路33號
1418,1127,高雄市,福濟中醫診所,高雄市前鎮區翠亨北路271號
1419,1111,高雄市,有德中醫診所,高雄市苓雅區建國一路89號
1420,1192,高雄市,衫宥中醫診所,高雄市三民區建工路393號1、2樓
1421,1116,高雄市,調明中醫診所,高雄市苓雅區三多二路263、265號1、2樓
1422,1216,高雄市,大成中醫診所,高雄市苓雅區正言路76號
1423,1224,高雄市,福祐中醫診所,高雄市前鎮區二聖二路301號
1424,1222,高雄市,泓德中醫診所,高雄市前鎮區和平二路284號1樓
1425,1045,高雄市,衛生福利部旗山醫院中醫科,高雄市旗山區中學路60號
1426,1046,高雄市,高雄榮民總醫院傳統醫學科,高雄市左營區大中一路386號
1427,1047,高雄市,高雄市立中醫醫院,高雄市苓雅區凱旋二路132號1至3樓
1428,1048,高雄市,高雄市立岡山醫院,高雄市岡山區壽天路12號
1429,1050,高雄市,高雄醫學大學附設醫院中醫部,高雄市三民區十全一路100號
1430,1051,高雄市,高雄市立旗津醫院中醫科,高雄市旗津區旗港路33號
1431,1052,高雄市,博田國際醫院中醫科,高雄市左營區博愛二路100號
1432,1054,高雄市,中仁內婦科中醫診所,高雄市鹽埕區大仁路127號
1433,1057,高雄市,黃志忠中醫診所,高雄市鼓山區麗雄街49號
1434,1059,高雄市,文騫中醫診所,高雄市鼓山區西藏街320號
1435,1060,高雄市,頂立中醫診所,高雄市鼓山區鼓山三路51巷31弄15號
1436,1061,高雄市,百祐中醫聯合診所,高雄市左營區左營大路14之2號
1437,1062,高雄市,健誠中醫診所,高雄市左營區部後街34號
1438,1063,高雄市,展佳中醫診所,高雄市左營區元帝路76號1樓
1439,1064,高雄市,恆德堂中醫診所,高雄市左營區富民路338之5號
1440,1065,高雄市,安和中醫診所,高雄市左營區自由三路343號1-2樓
1441,1066,高雄市,活水中醫診所,高雄市左營區富民路159號
1442,1068,高雄市,精進中醫診所,高雄市楠梓區德民路222號
1443,1069,高雄市,漢唐中醫診所,高雄市楠梓區德祥路189號
1444,1072,高雄市,泰安內外科中醫診所,高雄市三民區建國二路156號
1445,1075,高雄市,育生中醫診所,高雄市三民區昌裕街174號
1446,1076,高雄市,楊濟鴻中醫診所,高雄市三民區北平二街29號
1447,1077,高雄市,蕭穎士中醫診所,高雄市三民區九如一路72號
1448,1078,高雄市,港泰中醫診所,高雄市三民區博愛一路100號
1449,1079,高雄市,永安中醫診所,高雄市三民區瀋陽街109號
1450,1081,高雄市,天惠中醫診所,高雄市三民區天祥一路199號
1451,1083,高雄市,張瑞璋中醫診所,高雄市三民區自由一路91號
1452,1085,高雄市,國源堂中醫診所,高雄市三民區建國二路170、172號
1453,1086,高雄市,林吉原中醫診所,高雄市三民區明仁路18號1、2樓
1454,1088,高雄市,鼎金中醫診所,高雄市三民區大豐二路160號1樓
1455,1091,高雄市,劉如鎮中醫診所,高雄市三民區康德街50號
1456,1092,高雄市,濟世中醫診所,高雄市三民區覺民路39號
1457,1093,高雄市,澄清中醫診所,高雄市三民區澄平街218號
1458,1095,高雄市,育森中醫診所,高雄市三民區鼎中路213號
1459,1096,高雄市,佳德中醫診所,高雄市新興區復興一路97號
1460,1097,高雄市,詠豐中醫診所,高雄市新興區自立一路24號
1461,1098,高雄市,大德中醫診所,高雄市新興區六合一路96巷6號1樓
1462,1099,高雄市,永康中醫診所,高雄市新興區復興一路119號
1463,1100,高雄市,再生好中醫診所,高雄市新興區自立一路34號
1464,1104,高雄市,慶元內科中醫診所,高雄市苓雅區大順三路274號
1465,1105,高雄市,獅甲中醫診所,高雄市苓雅區三多三路214之10號
1466,1106,高雄市,素琴中醫診所,高雄市苓雅區學源街9號
1467,1108,高雄市,健原中醫診所,高雄市苓雅區忠孝二路8號
1468,1109,高雄市,立群中醫診所,高雄市苓雅區五權街248號
1469,1110,高雄市,大歡中醫診所,高雄市苓雅區四維一路280號
1470,1113,高雄市,博愛中醫診所,高雄市苓雅區建國一路147號
1471,1114,高雄市,蔡志君中醫診所,高雄市苓雅區林森二路11之2號
1472,1115,高雄市,奇詮中醫診所,高雄市苓雅區福德三路220號
1473,1117,高雄市,成功濟世中醫診所,高雄市苓雅區青年二路149號
1474,1118,高雄市,宏安中醫診所,高雄市前鎮區鎮興路101號
1475,1119,高雄市,全慶中醫診所,高雄市前鎮區瑞隆路548號1、2樓
1476,1122,高雄市,正心中醫診所,高雄市前鎮區忠誠路217、219號
1477,1123,高雄市,大盛中醫診所,高雄市前鎮區永豐路216號
1478,1124,高雄市,安慶中醫診所,高雄市前鎮區凱旋四路338號
1479,1125,高雄市,醫心館中醫診所,高雄市前鎮區一心一路370號
1480,1126,高雄市,德生中醫診所,高雄市前鎮區中平路278號1樓
1481,1128,高雄市,濟仁中醫診所,高雄市前鎮區瑞福路141號
1482,1130,高雄市,民權中醫診所,高雄市前鎮區民權二路416號1樓
1483,1131,高雄市,陳建霖中醫診所,高雄市前鎮區三多三路143號
1484,1132,高雄市,慈惠中醫診所,高雄市旗津區中州巷40號
1485,1133,高雄市,鳳中中醫診所,高雄市小港區二苓路222號
1486,1134,高雄市,盧家中醫診所,高雄市鳳山區鳳南路167號1樓
1487,1135,高雄市,鳳山濟世中醫診所,高雄市鳳山區中山東路72號
1488,1136,高雄市,仁一中醫診所,高雄市鳳山區文德街31號1樓
1489,1138,高雄市,湞宸中醫診所,高雄市鳳山區瑞隆東路256號1樓
1490,1139,高雄市,乙元中醫診所,高雄市鳳山區建國路二段59之1號
1491,1140,高雄市,文龍中醫診所,高雄市鳳山區文龍東路160號
1492,1142,高雄市,鳳城中醫診所,高雄市鳳山區勝利路53號
1493,1144,高雄市,德佐中醫診所,高雄市鳳山區文龍東路276號
1494,1146,高雄市,惠仁堂中醫診所,高雄市旗山區復新街11號
1495,1148,高雄市,仁美中醫診所,高雄市仁武區中正路138號
1496,1149,高雄市,乙茆中醫診所,高雄市仁武區仁和街12號1樓
1497,1150,高雄市,一心堂中醫診所,高雄市橋頭區橋頭里新興路23號
1498,1151,高雄市,佳原中醫診所,高雄市茄萣區仁愛路二段86號
1499,1153,高雄市,保安堂中醫診所,高雄市梓官區梓官路城隍巷22號
1500,1154,高雄市,甘恩中醫診所,高雄市梓官區中正路100號
1501,1155,高雄市,元生華榮中醫診所,高雄市鼓山區華榮路214號
1502,1156,高雄市,華藏中醫診所,高雄市鼓山區九如四路758號
1503,1157,高雄市,福得中醫診所,高雄市鼓山區明華路333號
1504,1159,高雄市,詠心中醫診所,高雄市鼓山區華榮路291、293號1樓
1505,1160,高雄市,裕順中醫診所,高雄市鼓山區美術東二路106號
1506,1163,高雄市,慈恩中醫診所,高雄市鼓山區九如四路1470號
1507,1165,高雄市,保生中醫診所,高雄市左營區自由四路147號1樓
1508,1166,高雄市,昶陞中醫診所,高雄市左營區孟子路419號1樓
1509,1167,高雄市,爵安堂中醫診所,高雄市左營區立大路133號
1510,1168,高雄市,青松堂中醫診所,高雄市左營區華夏路765號
1511,1169,高雄市,宏福中醫診所,高雄市左營區自由四路1、3號1、2樓
1512,1170,高雄市,榮景中醫診所,高雄市左營區榮成一街17號
1513,1171,高雄市,高鐵中醫診所,高雄市左營區華夏路1108號
1514,1172,高雄市,元真中醫診所,高雄市左營區光興街235號
1515,1173,高雄市,德滿堂中醫診所,高雄市左營區重愛路356號1樓
1516,1174,高雄市,謝育霖中醫診所,高雄市左營區至聖路171號
1517,1175,高雄市,六必居中醫診所,高雄市左營區文學路255、257號1樓
1518,1176,高雄市,正大左營中醫診所,高雄市左營區富國路41號1、2樓
1519,1177,高雄市,嘉安中醫診所,高雄市左營區新庄仔路237之1號1樓
1520,1178,高雄市,韻心中醫診所,高雄市左營區軍校路610號
1521,1179,高雄市,醫晟中醫診所,高雄市左營區裕誠路266號
1522,1180,高雄市,天蘊中醫診所,高雄市左營區文自路226號1樓
1523,1181,高雄市,仁德中醫診所,高雄市楠梓區建楠路182號
1524,1182,高雄市,思恩堂中醫診所,高雄市楠梓區大學南路603號
1525,1183,高雄市,鼎泰堂中醫診所,高雄市三民區河堤路490號
1526,1184,高雄市,蕙林中醫診所,高雄市三民區寶興路38號
1527,1185,高雄市,聖和中醫診所,高雄市三民區建國三路367號1、2樓
1528,1190,高雄市,鴻生中醫診所,高雄市三民區義德路85號
1529,1193,高雄市,亨木中醫診所,高雄市三民區山東街94號
1530,1194,高雄市,宥程中醫診所,高雄市三民區興隆街6號1、2樓
1531,1196,高雄市,鉑氏美中醫診所,高雄市三民區十全一路215號1樓
1532,1198,高雄市,五福中醫診所,高雄市新興區五福二路35號1樓
1533,1200,高雄市,永森中醫診所,高雄市新興區中山一路276號
1534,1201,高雄市,天恩中醫診所,高雄市新興區青年一路138號
1535,1203,高雄市,凱璿中醫診所,高雄市新興區民生一路330號
1536,1204,高雄市,民馨中醫診所,高雄市新興區中正三路5號
1537,1205,高雄市,合佗中醫診所,高雄市新興區六合路85號
1538,1206,高雄市,國醫堂中醫診所,高雄市新興區青年一路452、454號1樓
1539,1208,高雄市,仁馨中醫診所,高雄市苓雅區英明路118之1、120號1樓
1540,1209,高雄市,太壹中醫診所,高雄市苓雅區興中一路46號
1541,1210,高雄市,正義中醫診所,高雄市苓雅區正義路149號
1542,1211,高雄市,博安中醫診所,高雄市苓雅區福德二路12號
1543,1212,高雄市,家康中醫診所,高雄市苓雅區福安路15號1樓
1544,1214,高雄市,杉合中醫診所,高雄市苓雅區中正二路20號
1545,1217,高雄市,高雄漢唐中醫診所,高雄市苓雅區中山二路410號8樓
1546,1218,高雄市,默默中醫診所,高雄市苓雅區三多二路157號
1547,1223,高雄市,金湛中醫診所,高雄市前鎮區黃埔街28號
1548,1225,高雄市,心路中醫診所,高雄市前鎮區一心二路86號
1549,1226,高雄市,杏安中醫診所,高雄市小港區宏平路347號
1550,1228,高雄市,牧水中醫診所,高雄市小港區山明路166、168號1樓
1551,1229,高雄市,小港濟世中醫診所,高雄市小港區沿海一路49號
1552,1382,高雄市,宏霖中醫診所,高雄市三民區陽明路72號
1553,1385,高雄市,康喬中醫診所,高雄市楠梓區德民路999之7號
1554,1504,高雄市,進祥中醫診所,高雄市左營區華夏路213號
1555,1509,高雄市,祐祥中醫診所,高雄市楠梓區右昌街718號1樓
1556,1573,高雄市,義大醫療財團法人義大癌治療醫院,高雄市燕巢區義大路21號
1557,1588,高雄市,五乙中醫診所,高雄市楠梓區興楠路17號
1558,1589,高雄市,祥霖中醫診所,高雄市三民區聯興路125號
1559,1602,高雄市,濟民中醫診所,高雄市新興區中山一路61號
