1003,瑞龍堂中醫診所,名間鄉彰南路186號
1004,鼎億堂中醫診所,南投縣竹山鎮集山路三段213號
1005,宏昌中醫診所,草屯鎮虎山路827號
1006,濟生中醫診所,埔里鎮中正路435號
1007,中興大愛中醫診所,南投縣南投市學藝路5號
1008,詠祥中醫診所,南投市中山街191號1樓
1009,元和堂中醫診所,南投市仁德路57號
1010,承心中醫診所,草屯鎮草鞋墩一街5、7號1F
1011,十方中醫診所,埔里鎮西安路1段333號
1012,永安中醫診所,南投縣草屯鎮明賢街一段28號
1013,德安中醫診所,南投市彰南路2段510號
1014,元濟中醫診所,埔里鎮中華路257號
1015,和平中醫診所,水里鄉民權路252號
1016,隆安中醫診所,南投市彰南路2段8號
1017,首茗中醫診所,埔里鎮東華路120號1F
1018,平安中醫診所,埔里鎮八德路12-2號1樓
1019,一品堂中醫診所,南投市復興路78號
1020,富康中醫診所,南投市祖祠路275號1樓
1021,維康中醫診所,南投市三和一路87號
1022,聖明中醫診所,草屯鎮碧山南路30號
1023,民生中醫診所,埔里鎮民生路137號1樓
1024,台中榮民總醫院埔里分院,埔里鎮榮光路1號
1025,竹山秀傳醫院,竹山鎮集山路2段75號
1026,埔里基督教醫院,埔里鎮鐵山路1號
1027,聖恩中醫診所,南投市嘉和北路17.19號1樓
1028,順安中醫診所,南投市大同街149號
1029,禾安中醫診所,南投市民族路260號
1030,福氣中醫診所,草屯鎮虎山路69號1F
1031,冠雲中醫診所,埔里鎮中山路2段351號
1032,施治寰中醫診所,埔里鎮南昌街183號
1033,福康中醫診所,埔里鎮中山路2段92號
1034,大眾中醫診所,埔里鎮南昌街202號
1035,普仁中醫診所,埔里鎮東峰路19號
1036,裕生中醫診所,埔里鎮四維路26~1號1F
1037,晟瑞中醫診所,埔里鎮信義路335巷1號1樓
1038,明山中醫診所,草屯鎮炎峰街17號
1039,蒼生中醫診所,草屯鎮草溪路959號
1040,洪日宏中醫診所,草屯鎮太平路1段503號1樓
1041,鴻濟中醫診所,草屯鎮碧山南路112-1號
1042,開明堂中醫診所,草屯鎮虎山路519號
1043,豐本中醫診所,草屯鎮中山街216號
1044,唐中醫診所,草屯鎮新生路169號
1045,言臻中醫診所,草屯鎮太平路2段198號1F
1046,永隆中醫診所,草屯鎮太平路1段95~1號1、2樓
1047,萬安中醫診所,竹山鎮集山路3段785號
1048,大明中醫診所,竹山鎮大明路183號
1049,佑生中醫診所,名間鄉員集路126號
1050,保生堂中醫診所,水里鄉民權路130號
1051,寶光中醫診所,水里鄉民族路356號1樓
1052,坤融中醫診所,南投市中山街154號1F
1053,智全中醫診所,埔里鎮南興街279號
1054,惠群中醫診所,竹山鎮橫街60號
1055,益品安中醫診所,水里鄉民生路387號1樓
1056,許美照中醫診所,台中市南屯區文心南五路一段642號1、2樓
1057,仁一中醫診所,臺中市大里區東興里東明路271號
1058,廣和中醫診所,台中市大雅區學府路250巷44號
1059,宜德中醫診所,台中市北區天祥街72號
1060,DR.SHEN醫豪中醫診所,台中市西區金山路29號
1061,大台中和平中醫診所,台中市中區民權路156號1樓
1062,聖沅中醫診所,台中市東區十甲路439號
1063,漢昇中醫診所,台中市南屯區忠勇路27-3號
1064,維信華信聯合門診華信中醫診所,台中市南屯區大墩路471號
1065,酉安中醫診所,台中市南區美村南路113號一樓
1066,大立內外科中醫診所,台中市東區復興路四段218-1號
1067,安泰中醫診所,台中市北屯區昌平路一段105之10號
1068,信宏中醫診所,台中市南區永東街49號
1069,啟源中醫診所,台中市西屯區西屯路三段166～3號
1070,許啟仁中醫診所,台中市大里區永隆路31號
1071,歆安中醫診所,台中市北屯區東山路一段204號
1072,大謙經典中醫,台中市南屯區五權西路二段167號
1073,賀康中醫診所,台中市北屯區景賢路99號
1074,世傳中醫診所,台中市南區復興路二段34-7號
1075,崇毓中醫診所,台中市東區十甲東路828號
1076,羅萬右中醫診所,台中市西屯區河南路一段91號
1077,仁美中醫診所,台中市西屯區文心路三段138之20號
1078,恩民中醫診所,台中市西屯區上安路119號
1079,佛教正德醫院,臺中市南屯區文心南五路三段100號
1080,北屯德濟中醫診所,台中市北屯區崇德八路一段158號
1081,東方中醫診所,台中市南屯區向上路一段669號
1082,和樂中醫診所,台中市南區復興路一段207巷22弄2號
1083,松鶴二仙堂中醫診所,台中市北屯區中清路二段623號
1084,一二三中醫診所,台中市西區建國路3號1樓
1085,雲玥中醫診所,台中市西區向上路一段406號1.2樓
1086,澄觀中醫診所,台中市南屯區公益路二段6號
1087,德信中醫診所,台中市中區綠川西街175巷17號
1088,仁美堂中醫診所,台中市北屯區豐樂路21之1號
1089,鴻安中醫診所,台中市南屯區干城街291號
1090,同濟中醫聯合診所,台中市北屯區中清路二段48號
1091,惠文扶原中醫診所,台中市南屯區河南路四段528號
1092,圓扶原中醫診所,台中市南區南屯路一段259號
1093,扶原中醫診所,台中市北屯區熱河路二段117號
1094,來佑安中醫診所,台中市北屯區熱河路三段67號
1095,高堂中醫聯合診所,台中市西屯區重慶路229號
1096,東興中醫診所,台中市西區東興路三段126-3號
1097,慧心中醫診所,台中市西區公館路140號
1098,慧心中醫診所,台中市公館路140號
1099,富春中醫診所,台中市中區台灣大道一段567號
1100,甘泉堂中醫診所,台中市東區和平街176號2樓
1101,李德茂中醫診所,台中市北區梅川西路三段35巷6號
1102,文唐中醫診所,台中市南屯區五權西路二段627號
1103,芯泉中醫診所,台中市南區忠明南路821-6號
1104,廣達中醫診所,台中市西屯區一段179號
1105,文華中醫診所,台中市西屯區太原路一段234號
1106,德濟中醫診所,台中市北區五權路488-8號
1107,明荷中醫診所,台中市西區南屯路一段150號1樓
1108,信澄中醫診所,台中市大里區國光路二段587號1樓
1109,元熙中醫診所,台中市西屯區永福路139號2樓
1110,成祐中醫診所,台中市西區公益路152-1號2樓
1111,聖和中醫診所,臺中市東勢區南平里第二橫街40號
1112,康程中醫診所,台中市南區復興路二段155-3號
1113,存德中醫診所,台中市西區模範街9巷11號
1114,國寶中醫診所,台中市北區博館一街12號1樓
1115,緻宸中醫診所,台中市大雅區雅環路一段340號1樓
1116,博康中醫診所,台中市西區博館路127號
1117,寶田中醫診所,台中市北屯區崇德路一段552號1.2樓
1118,臺中榮民總醫院,台中市西屯區台灣大道四段1650號
1119,祥鶴中醫診所,台中市東區大智路294號
1120,張白欣中醫診所,台中市西區文化街156號2樓之二
1121,瑞恩中醫診所,台中市神岡區神岡路38號
1122,衛生福利部臺中醫院,台中市西區三民路一段199號
1123,匯智中醫診所,台中市北屯區河北路二段223號1、2F
1124,一品堂南屯中醫診所,台中市南屯區永春東一路700號
1125,恒安中醫診所,台中市潭子區中山路一段17-8號
1126,永康中醫聯合診所,台中市北屯區中清路二段416號
1127,國軍臺中總醫院中清分院,台中市北區忠明路500號。
1128,中山醫學大學附設醫院,台中市南區建國北路一段110號
1129,中山醫學大學附設醫院中興分院,台中市南區復興路2段11號
1130,中國醫藥大學附設醫院中醫部,台中市北區育德路2號
1131,仁祐堂中醫診所,台中市東勢區豐勢路487號 1樓
1132,永丞中醫診所,台中市太平區樹孝路487號1樓
1133,仁源中醫診所,台中市太平區長億六街116號
1134,弘濟堂中醫診所,台中市東區忠孝路386號
1135,民安中醫診所,台中市東區進化路185號
1136,宏樺中醫診所,台中市西區博館二街259號1樓
1137,澄心堂中醫診所,台中市西區三民西路99號
1138,雙木中醫診所,台中市西區府後街11號
1139,淮聖中醫診所,台中市西區梅川西路一段137號
1140,御中醫診所,台中市南區復興北路30號
1141,民和中醫診所,台中市南區文心南路901巷26號
1142,醫林中醫診所,台中市北區進化北路378-29號
1143,椿生中醫診所,台中市北區興進路102號一樓
1144,台中崇德仁心堂中醫診所,台中市北區崇德路一段280號
1145,御元中醫診所,台中市西屯區國安一路65號
1146,圓通中醫診所,台中市西屯區杏林路26巷8號1樓
1147,大進中醫診所,台中市南屯區大進街102號1樓
1148,明雅堂中醫診所,台中市南屯區向上路一段574號1樓
1149,郭芳序中醫診所,台中市南屯區文心路一段175號
1150,德馨中醫診所,台中市南屯區東興路二段203號
1151,益安中醫診所,台中市北屯區松竹路二段138號
1152,群復中醫診所,台中市北屯區大連路二段242號
1153,大德中醫診所,台中市北屯區松竹五路一段267號1樓
1154,一貫堂中醫診所,台中市北屯區豐樂路11－1號1－2樓
1155,夏禾中醫診所,台中市北屯區建和路二段271號1樓
1156,龍中醫診所,台中市北屯區梅川西路四段291號1樓
1157,宏蓁中醫診所,台中市北屯區天津路三段89號
1158,日禾中醫診所,台中市北屯區中清路二段309號
1159,弘生堂中醫診所,台中市東區忠孝路476號
1160,蔡順輝中醫診所,台中市西區五權五街82-4號
1161,靖唐中醫診所,台中市西區五權西一街11號
1162,公益中醫診所,台中市西區向上北路231號
1163,昭理中醫診所,台中市西區公益路48號1樓
1164,長春中醫診所,台中市南區復興路三段360號
1165,順天堂中醫診所,台中市南區文心南十路210號
1166,明功堂中醫診所,台中市北區成功路428號
1167,長青中醫診所,台中市北區東漢街7號1樓
1168,大同中醫聯合診所,台中市西屯區黎明路三段308號
1169,主安中醫診所,台中市西屯區河南路二段357號
1170,信德中醫診所,台中市西屯區太原路一段197號
1171,漢華中醫診所,台中市西屯區黎明路3段381－383號
1172,神農讚中醫診所,台中市西屯區漢口路一段133號
1173,喬邦中醫診所,台中市西屯區西屯路三段166之41號
1174,醫龍中醫診所,台中市西屯區上安路132號1樓
1175,詮恩中醫診所,台中市西屯區西屯路三段166-76號
1176,辰安堂中醫診所,台中市南屯區精誠南路139號
1177,臻品中醫診所,台中市南屯區東興路二段341號
1178,東辰中醫診所,台中市南屯區河南路四段240號
1179,保生中醫診所,台中市北屯區國校巷20號
1180,晏琳中醫診所,台中市北屯區東山路一段197-5號
1181,惠民中醫診所,台中市北屯區興安路一段270號1樓
1182,光華中醫診所,台中市北屯區崇德路二段323號
1183,千庭中醫診所,台中市北屯區北屯路441之8號
1184,崇德中醫診所,台中市北屯區松竹路三段43號1樓
1185,惠康中醫診所,台中市北屯區文昌二街82號
1186,健祥中醫診所,台中市北區日興街182號1樓
1187,行願中醫診所,台中市東區力行路50號1樓
1188,睿生中醫診所,台中市北屯區松竹路二段321號
1189,工學北中醫診所,台中市南區工學北路65-1號
1190,奇恒中醫診所,台中市南屯區文心路一段428號
1191,愛仁中醫診所,台中市南屯路二段708好號
1192,信安中醫診所,台中市西區大進街210號1樓
1193,沐炅中醫診所,台中市北屯區太和一街91號
1194,華泰中醫診所,台北市松山區新東街66巷18號1樓
1195,天和堂中醫診所,台北市文山區景美街1－5號1樓
1196,天璽中醫診所,台北市北市北投區裕民二路33巷2號1樓
1197,漢方中醫聯合診所,台北市萬華區西園路2段254巷5號
1198,杏福中醫診所,台北市大安區復興南路二段131號一樓
1199,指筌中醫診所,台北市士林區德行西路102號1樓
1200,大安悅兒親子中醫診所,台北市大安區光復南路432號
1201,滋和堂中醫診所,台北市中山區新生北路一段59-1號
1202,興安養生堂中醫診所,北市中山區興安街51之6號
1203,同德中醫診所,台北市南港區同德路30號
1204,雙連中醫診所,台北市中山區民生西路6號9樓
1205,慈護晶璽中醫診所,台北市信義區松信路38號
1206,騏安中醫診所,台北市金湖路386號
1207,天方中醫診所,台北市士林區中山北路六段157巷14號1樓
1208,寧波中醫診所,台北市寧波西街80-1號
1209,理想中醫診所,台北市松山區南京東路五段46號2樓
1210,建榮中醫診所,台北市內湖區成功路三段174巷16號
1211,駿琳大直中醫診所,台北市北安路598之一號
1212,佳譽堂中醫診所,台北市中正區寧波西街71號
1213,全德中醫診所,台北市大安區羅斯福路三段37號3樓
1214,大直北安中醫診所,台北市中山區北安路575號
1215,宏福中醫診所,台北市文山區木柵路一段182號1樓
1216,寶安中醫診所,台北市士林區中正路407號1樓
1217,欣百漢中醫診所,台北市松山區南京東路五段80號
1218,錦禾中醫診所,台北市內湖區港墘路121號
1219,士林錦禾中醫診所,台北市士林區士東路16號
1220,厚德中醫診所,台北市中正區南昌路一段53號
1221,新光醫院,台北市士林區士商路51號
1222,澄玥中醫診所,台北市中山區松江路100巷1號1樓
1223,雲鼎中醫診所,台北市大安區光復南路306號
1224,雲品中醫診所,台北市大安區忠孝東路四段216巷19弄4號
1225,澄觀中醫診所,台北市中山區吉林路23號
1226,悅展中醫診所,台北市士林區延平北路五段243號
1227,昇陽一品中醫診所,台北市大安區敦化南路一段236巷9號
1228,昇陽中醫診所,台北市大安區潮州街85號
1229,仲佑中醫診所,台北市松山區八德路三段212號1樓
1230,聖心中醫診所,台北市信義區和平東路三段391巷28號
1231,日明耀中醫診所,台北市中正區重慶南路一段66之1號2樓
1232,學德堂中醫診所,台北市中山區松江路97巷2-1號
1233,保惠中醫診所,台北市大安區嘉興街363巷18弄1號
1234,明昇中醫診所,台北市大同區赤峰街13號1樓
1235,德昌中醫診所,台北市松山區延吉街38號1樓
1236,醫心堂中醫診所,台北市大安區信義路四段267號二樓
1237,星福中醫診所,台北市文山區景興路93號
1238,汀洲中醫診所,台北市中正區汀州路2段213號1樓
1239,峻毅中醫診所,台北市中正區和平西路1段30號
1240,上璽中醫診所,台北市大安區信義路四段一號7樓之1
1241,恩濟堂中醫診所,台北市中山區復興北路514巷63號
1242,得原中醫診所,台北市北市中山區錦州街259號1樓
1243,翰林中醫診所,台北市南港區研究院路一段27號
1244,大道中醫診所,台北市中正區忠孝西路一段41號8樓之6
1245,太淵中醫診所,台北市信義區松山路335號
1246,三軍總醫院附設民眾診療服務處,台北市內湖區成功路2段325號
1247,惠眾中醫診所,台北市士林區美德街70號
1248,泰興中醫診所,台北市內湖路一段629巷10號1樓
1249,台北馬偕紀念醫院,台北市中山區中山北路二段92號
1250,天一中醫診所,台北市大同區重慶北路三段98號
1251,養生堂中醫診所,台北市文山區忠順街一段80號
1252,麗風堂中醫診所,台北市中山區中山北路二段12號2樓
1253,新生中醫診所,台北市中山區興安街91號
1254,慈愛中醫診所,台北市北投區自強街108號
1255,民昇中醫診所,台北市民生東路五段87號
1256,仁心堂中醫診所,台北市中山區長春路267號1樓
1257,鼎昌中醫診所,台北市中山區南京東路三段200號3樓之2
1258,昀漾中醫診所,臺北市士林區文林路558號
1259,忠孝昌盛堂中醫診所,台北市大安區忠孝東路4段205巷7弄1號3樓
1260,欣悅中醫診所,台北市松山區南京東路四段193號
1261,新悅中醫診所,台北市大同區民生西路71號1樓
1262,明悅中醫診所,台北市大安區忠孝東路四段210-1號9樓
1263,陳潮宗中醫診所,台北市大同區民權西路127號
1264,士林同仁中醫診所,台北市士林區文林路402號
1265,善揚中醫診所,台北市北投區西安街1段157號
1266,定傳中醫診所,台北市北投區懷德街3-7號
1267,薇晶中醫診所,台北市大安區忠孝東路四段270號2樓之1
1268,台北長庚紀念醫院,台北市松山區敦化北路199號
1269,中國醫藥大學附設醫院臺北分院,台北市內湖區內湖路二段360號
1270,台北醫學大學附設醫院,台北市信義區吳興街252號
1271,臺北市立萬芳醫院,台北市文山區興隆路三段111號
1272,仁和堂中醫診所,台北市松山區八德路四段201號
1273,博康中醫診所,台北市松山區南京東路五段280號1F
1274,渼生堂中醫診所,台北市松山區八德路三段138號
1275,春日和中醫診所,台北市松山區復興北路81巷35號
1276,金龍堂中醫診所,台北市大安區泰順街17號一樓
1277,醫道堂黃中醫診所,台北市大安區延吉街233之3號二樓
1278,吉辰中醫診所,台北市大安區復興南路二段321號
1279,宏秀堂中醫診所,台北市政大安區忠孝東路三段217巷2弄16號1樓
1280,瑞康中醫診所,台北市大安區瑞安街208巷24弄12號
1281,京禾中醫診所,台北市大安區復興南路二段173-1號2樓
1282,景崧現代中醫診所,台北市大安區臨江里基隆路二段148號
1283,大觀堂中醫診所,台北市大安區延吉街118號
1284,吉升堂中醫診所,台北市泰順街44巷13號
1285,樂業中醫診所,台北市大安區樂業街59號
1286,易明中醫診所,台北市大安區辛亥路2段39號
1287,康禾中醫診所,台北市大安區羅斯福路三段275號2樓
1288,樂陽中醫診所,台北市大安區和平東路三段304號
1289,德霖中醫診所,台北市大安區信義路四段168號1樓
1290,詠恩中醫診所,台北市大安區和平東路三段236號
1291,順天堂中醫診所,台北市大同區昌吉街79號
1292,良元中醫診所,台北市大同區長安西路51-1號
1293,京水堂中醫診所,台北市南京西路22號3樓
1294,德全中醫診所,台北市中山區錦卅街171號
1295,朝暉中醫診所,台北市中山區龍江路281巷1號2樓
1296,有聲中醫診所,台北市中山區中原街50號
1297,常生中醫診所,台北市中山區長安東路二段47號
1298,元氣堂中醫診所,台北市中山區吉林路223號
1299,景欣中醫診所,台北市中山區南京東路2段95號2樓
1300,禾儒中醫診所,台北市中山區松江路268號5樓
1301,傳愛經典中醫診所,台北市中山區龍江路29號
1302,詠生中醫診所,台北市中山區樂群二路196號
1303,東仁中醫診所,台北市錦州街275號
1304,林國榮中醫診所,台北市民生東路二段112號
1305,昌盛堂中醫診所,台北市中山區松江路277號2樓
1306,吉林中醫診所,台北市中山區吉林路428號
1307,醫誠堂中醫診所,台北市中山區龍江路185-1號一樓
1308,晴光中醫診所,台北市中山區雙城街四巷2號
1309,祐瑞中醫診所,台北市中山區松江路69巷11號1樓
1310,璟榮中醫診所,台北市東湖路43巷31號
1311,麗馨中醫診所,台北市內湖區東湖路120號2樓
1312,恩光中醫診所,台北市內湖區江南街15號
1313,善品中醫診所,台北市內湖區成功路四段30巷22號
1314,瀚威中醫診所,台北市內湖區新明路277號
1315,杞子中醫診所,台北市南港區南港路一段 169號2樓
1316,信愛中醫診所,台北市士林區文林路478號1樓
1317,新長庚中醫診所,台北市士林區大東路176號一樓
1318,寬安中醫診所,台北市士林區士東路50號
1319,顏居雲中醫診所,台北市士林區華齡街72號1樓
1320,仰德中醫診所,台北市士林區天母北路18號
1321,福華中醫診所,台北市忠誠路二段76巷8號1樓
1322,一春堂中醫診所,台北市士林區德行東路187-1號
1323,芝音中醫診所,台北市士林區福華路128巷10號
1324,承新中醫診所,台北市士林區中正路203號2樓
1325,社子中醫診所,台北市士林區延平北路六段87號
1326,承德中醫診所,台北市士林區大南路277號1樓
1327,泰昌堂中醫診所,台北市中山北路六段208號2F
1328,耕德中醫診所,台北市北投區中央北路一段38號
1329,華杏中醫診所,台北市北投區西安街一段369號二樓
1330,佳禾中醫診所,台北市北投區石牌路一段101號
1331,石牌尊賢中醫診所,台北市北投區尊賢街249巷2號
1332,悅馨中醫診所,台北市北投區西安街一段173號
1333,三合中醫診所,台北市北投區三合街二段446號
1334,全禾中醫診所,台北市北投區光明路166號1樓
1335,蔡榮鏡中醫診所,台北市信義區林口街24巷8號
1336,大成中醫診所,台北市信義區永吉路200巷56弄2號
1337,陳士源中醫診所,台北市信義區永吉路492號1樓
1338,格康中醫診所,台北市信義區莊敬路437號1樓
1339,興漢中醫診所,台北市信義區虎林街121巷10號1樓
1340,微笑中醫診所,台北市信義區忠孝東路五段71巷11弄2號
1341,心悅中醫診所,台北市信義區忠孝東路五段482號3樓之1
1342,歸元中醫診所,台北市虎林街132巷32號1樓
1343,頌讚中醫診所,台北市信義區莊敬路325巷4號
1344,昫安中醫診所,台北市信義區永吉路527號2樓
1345,沄禾中醫診所,台北市信義區林口街192號
1346,同安中醫診所,台北市中正區同安街41號
1347,珍仁堂中醫診所,台北市新生南路一段110之2號
1348,和平中醫診所,台北市和平西路二段123號
1349,張順晶中醫診所,台北市中正區羅斯福路二段44號5樓
1350,永康中醫診所,台北市中正區連雲街75號
1351,六節中醫診所,台北市中正區汀州路2段198號
1352,天心中醫診所,台北市中正區武昌街一段33號
1353,東門中醫診所,台北市中正區連雲街81號2樓
1354,茂澤中醫診所,台北市中正區臨沂街6巷5號1樓
1355,沂禾中醫診所,台北市中正區臨沂街33巷38號1樓
1356,岐善中醫診所,台北市萬華區中華路二段484巷14-3號
1357,昱安堂中醫診所,台北市萬華區貴陽街二段135號
1358,信願堂中醫診所,台北市木新路二段118號
1359,吳明珠中醫診所,台北市文山區羅斯福路5段21號2樓之1
1360,常春藤中醫診所,台北市文山區羅斯福路五段197號2樓
1361,真善美中醫診所,台北市文山區忠順街一段129號
1362,京順中醫診所,台北市文山區興隆路三段52號2樓
1363,玉函中醫診所,台北市文山區木柵路一段159號
1364,至善醫坊中醫診所,台北市文山區景文街46-1號2樓
1365,百齡中醫診所,台北市士林區華齡街57號
1366,宏達中醫診所,台北市中正區汀州路三段211號2樓
1367,德方中醫診所,台北市文山區景興路39-2號
1368,元品中醫診所,台北市文山區興隆路三段174號1樓
1369,靖妃中醫診所,台北市敦化南路2段63巷58號1樓
1370,百弘中醫診所,台北市大安區忠孝東路四段15號3樓之1
1371,康禾堂中醫診所,臺北市北投區西安街二段335號
1372,十方中醫診所,臺北市北投區中和街228號
1373,泓欽中醫診所,澎湖縣馬公市中興路63號
1374,永昌漢方中醫診所,台北市松山區南京東路5段123巷2弄25號1樓
1375,安德中醫診所,台北市景福街228號1樓
1376,璞真中醫診所,台北市大安區忠孝東路四段311號2樓之4
1377,陳運瑩中醫診所,台北市信義路四段265巷10弄2-1號
1378,福田中醫診所,台北市中山區復興北路350號二樓之一
1379,彭燕婷中醫診所,台北市大安區和平東路一段171號3F-2
1380,幸吉堂中醫診所,台北市中正區汀州路一段169號
1381,尊生堂中醫診所,台北市松山區塔悠路47號
1382,普濟中醫診所,台北市士林區福國路98-5號一樓
1383,聖醫中醫診所,台北市信義區松山路245號
1384,詠樂中醫診所,台北市內湖區內湖路1段373號
1385,詠淳中醫診所,台北市信義區虎林街82巷31號
1386,健群中醫診所,台北市北投區石牌路一段166巷116號
1387,禾頤中醫診所,台北市大安區忠孝東路四段231號11樓之1
1388,時英中醫診所,北市大安區辛亥路ㄧ段89號1樓
1389,民生瀚威中醫診所,台北市松山區新中街25號
1390,漢坤中醫診所,台北市中山區北安路458巷41弄40號
1391,宏森中醫診所,臺北市信義區吳興街115 號
1392,賜安中醫診所,台東市中山路354號
1393,大春中醫診所,台東市中華路2段176號
1394,忠興中醫診所,台東市文化街52-1號
1395,劉嘉生中醫診所,台東市中華路一段329號
1396,明德中醫診所,台東市中華路1段544號
1397,聯安中醫診所,台東縣台東市更生路969號
1398,許瑞昇中醫診所,台東市更生路342號
1399,景春中醫診所,台東市中正路段222號
1400,福壽堂中醫診所,台東縣池上鄉新生路134號
1401,黃昱翰中醫診所,台東市博愛路362巷15號
1402,壽春中醫診所,台東市新生路492號
1403,雲品中醫診所,台東市博愛路470號
1404,台東基督教醫院,台東市開封街350號
1405,衛生福利部臺東醫院,台東市五權街1號
1406,臺北榮民總醫院臺東分院,台東市更生路1000號
1407,關山慈濟醫院,台東縣關山鎮和平路125之5號
1408,金雞堂中醫診所,台東市寶桑路162號
1409,道民中醫診所,台東市開封街449號
1410,玉晟中醫診所,台東市光明路66之3號
1411,全人中醫診所,台東市復興路188號
1412,漢唐中醫診所,台東縣太麻里外環路80號
1413,惠心堂中醫診所,台東縣鹿野鄉中正路9號
1414,中和中醫診所,嘉義市民族路806、808號
1415,星嘉中醫診所,嘉義市上海路167號
1416,吉祥中醫診所,嘉義市東區興業東路317號
1417,慈仁中醫診所,嘉義市志昇街71號
1418,安和中醫診所,嘉義市西區友忠路935-1號
1419,安美中醫診所,嘉義市東區博東路303號
1420,康慧中醫診所,嘉義市西區興業西路124號
1421,芳安中醫診所,嘉義市東區芳安路103號
1422,立仁中醫診所,嘉義市東區立仁路331號
1423,林臻瑋中醫診所,嘉義市民權路120-6號
1424,新民中醫診所,嘉義西區市新民路703號2F
1425,嘉冠中醫診所,嘉義市忠義街174號
1426,榮光中醫診所,嘉義市文化路461號
1427,寶雅中醫診所,嘉義市興業西路149號
1428,鄭滄海中醫診所,嘉義縣民雄鄉中樂路75號
1429,承德中醫診所,嘉義縣義竹鄉仁里村377號
1430,里仁中醫診所,嘉義縣朴子市八德路47號
1431,康寶中醫診所,嘉義縣布袋鎮太平路102號
1432,信昌中醫診所,嘉義縣民雄鄉安和路55號
1433,明ㄧ中醫診所,嘉義縣六腳鄉蒜南村五鄰400號
1434,明琡中醫診所,嘉義縣大埔鄉大埔路自強巷22號
1435,重安中醫診所,嘉義縣朴子市大同路262-1號
1436,佑昇中醫診所,嘉義縣朴子市開元路382號
1437,佳和中醫診所,嘉義縣朴子市大同路149號
1438,聖康中醫診所,基隆市安樂區安樂路二段96號
1439,同仁堂中醫診所,基隆市中山區西定路117號
1440,邵秉家中醫診所,基隆市中正區義一路15號
1441,逢安中醫診所,基隆市安樂區麥金路451號1樓
1442,衛生福利部基隆醫院,基隆市信義區信二路268號
1443,基隆長庚紀念醫院,基隆市安樂區麥金路222號
1444,忠生中醫診所,基隆市中正區義二路142號
1445,明和中醫診所,基隆市義一路90號
1446,佳緣中醫診所,基隆市七堵區明德一路61號
1447,良德堂中醫診所,基隆市仁愛區南榮路29號
1448,德勳中醫診所,基隆市愛六路18號
1449,百草堂中醫診所,基隆市孝二路81號2樓
1450,李上知中醫診所,基隆市信義區仁一路25號1樓
1451,瑞明中醫診所,基隆市東信路156-1號
1452,阿蔓中醫診所,基隆市七堵區崇智街10號
1453,李金澤中醫診所,基隆市仁愛區愛一路26號2樓
1454,慈靉中醫診所,基隆市七堵區光明路19號
1455,聯合中醫診所,基隆市仁愛區孝二路10號
1456,弘春堂中醫診所,台中市后里區民生路61號
1457,杏安堂中醫診所,台中市中區三民路二段133號1F
1458,樂活中醫診所,台中市北屯區軍功路一段607號
1459,元春堂中醫診所,台中市太平區育賢路141號
1460,喜樂中醫診所,台中市南區建成路1163號
1461,聯安中醫診所,台中市潭子區中山路一段179號
1462,東方中醫診所,台中市沙鹿區沙田路48-5號
1463,圓運動中醫診所,台中市西區中美街280號
1464,德濟中醫聯合診所,台中市太平區太平路467號
1465,翔甯中醫診所,台中市神岡區中山路17號1樓
1466,吉祥中醫診所,台中市烏日區中山路一段363號
1467,三曜中醫診所,台中市大里區東榮路655號
1468,禾明中醫診所,台中市太平區樹德路235號
1469,德和堂中醫診所,台中市神岡區豐洲路367號
1470,太平和懿堂中醫診所,台中市太平區樹孝路39-10號
1471,和懿堂中醫診所,台中市大里區立中街89號
1472,有生堂中醫診所,台中市太平區中興路48號
1473,益民中醫診所,台中市大里區大里路39-12號
1474,興大中醫診所,台中市南區學府路96號
1475,乙仁中醫診所,台中市潭子區頭張路一段43號
1476,根源中醫診所,台中市霧峰區光明街66號
1477,一品堂大里中醫診所,台中市大里區永大街20號
1478,太極中醫診所,台中市太平區中山路三段20號
1479,常益中醫診所,臺中市霧峰區中正路1171-2號1、2樓
1480,昀闛中醫,台中市西屯區永福路37號
1481,沐風中醫診所,台中市太平區宜昌路562號
1482,長春中醫診所,台中市太平區中興東路218-1號
1483,保順中醫診所,台中市西區大隆路32號
1484,頂城中醫診所,台中市大里區中興路一段167-13號
1485,博醫堂中醫診所,台中市南屯區大隆路115號1F
1486,日安堂中醫診所,台中市烏日區仁德里信義街155號
1487,華濟中醫診所,台中市烏日區溪南路一段640號
1488,德彥中醫診所,台中市大里區德芳南一街30號
1489,惠民中醫診所,台中市大肚區沙田路一段452-2號
1490,天真中醫診所,台中市大里區中興路二段359號
1491,吉美中醫診所,台中市太平區育賢路263號
1492,德心中醫診所,台中市太平區樹德路98-11號
1493,東方烏日中醫診所,台中市烏日區信義街86號
1494,康庭中醫診所,台中市清水區北寧街78-1號
1495,敦和中醫診所,台中市大雅區學府路467巷8號1樓
1496,笙華中醫診所,台中市沙鹿區鎮南路二段227號
1497,廣芯中醫診所,台中市北屯區松竹五路二段29號
1498,聖原中醫診所,台中市大雅區上楓里民權街130號
1499,鵲慈中醫診所,台中市石岡區石岡街1號
1500,得祐中醫診所,台中市西屯區光明路52-49號
1501,誠佑中醫診所,台中市豐原區圓環東路393號1樓
1502,永生中醫診所,台中市太平區中山路二段533號
1503,一品堂豐原中醫診所,台中市豐原區圓環北路2段161號
1504,一品堂大甲中醫診所,台中市大甲區光明路140號
1505,順心中醫診所,台中市后里區甲后路579號
1506,一品堂北屯中醫診所,台中市北屯區昌平路二段33號
1507,一品堂中醫診所,台中市沙鹿區四平街66號
1508,全真中醫診所,台中市大里區仁化路407號
1509,蕙心中醫診所,台中市豐原區中山路343號
1510,達春中醫診所,台中市太平區中興路47號
1511,衛生福利部豐原醫院,台中市豐原區安康路100號
1512,光田綜合醫院,台中市沙鹿區沙田路117號
1513,童綜合醫院,台中市梧棲區臺灣大道八段699號
1514,台中慈濟醫院,台中市潭子區豐興路一段88號
1515,京聖中醫診所,台中市豐原區中山路435號
1516,黃柯埠中醫診所,台中市豐原區中山路552號1樓
1517,正東勢仁心堂中醫診所,台中市東勢區延平里豐勢路237號1樓
1518,仁合堂中醫診所,台中市清水區中山路433號 1樓
1519,同濟堂中醫診所,台中市沙鹿區中山路477-5號
1520,康珵中醫診所,台中市沙鹿區中正街42號
1521,道然中醫診所,台中市潭子區中山路二段68號
1522,保成中醫診所,台中市潭子區中山路二段383之8號
1523,國泰中醫診所,台中市大雅區學府路76巷1號
1524,健民中醫診所,台中市霧峰區四德路318、320號1樓
1525,佳醫堂中醫診所,台中市太平區樹孝路363號
1526,齊恩中醫診所,台中市太平區光興路1018號1樓
1527,慶恩中醫診所,台中市太平區中山路二段319號1樓
1528,益民全真中醫診所,台中市大里區益民路二段355-1號
1529,同仁堂中醫診所,台中市大里區中興路一段308之14號
1530,廣昕中醫診所,台中市大里區中興路一段167-7號
1531,正大里區仁心堂中醫診所,台中市大里區國光路二段688號1樓
1532,大里廣濟中醫診所,台中市大里區塗城路559號1樓
1533,念禾中醫診所,台中市大里區益民路二段162號
1534,台中公園仁心堂中醫診所,台中市中區自由路二段88-9號1樓
1535,進德中醫診所,台中市東區進德路92號1樓
1536,詮欣中醫診所,台中市東區十甲東路639號
1537,聖欣中醫診所,台中市西區美村路一段637號
1538,雅緻中醫診所,台中市西區忠明路111號
1539,美村婦佑中醫診所,台中市南區美村路二段297號
1540,工學北中醫診所,台中市南區工學北路65號
1541,長育中醫診所,台中市西屯區西屯路三段148-12號1、2樓
1542,大心中醫診所,台中市西屯區大墩20街183號2樓
1543,一善中醫診所,台中市大墩路700號
1544,國際慈善堂中醫診所,台中市南屯區五權西路二段48號
1545,德和中醫診所,台中市后里區四村路128號
1546,進安中醫診所,台中市神岡區昌平路五段390號
1547,仁恩堂中醫診所,台中市大甲區蔣公路46號
1548,仁安堂中醫診所,台中市清水區中山路77號
1549,德安中醫聯合診所,台中市沙鹿區大同街明光巷20號
1550,仁人堂中醫診所,台中市沙鹿區中山路320號
1551,六福堂中醫診所,台中市潭子區中山路2段379
1552,傳承中醫診所,台中市潭子區勝利十二街58號
1553,耕心中醫診所,台中市大雅區民興街69號
1554,姥芝瑞中醫診所,台中市烏日區中山路一段488號
1555,東園中醫診所,台中市烏日區溪南路一段611號
1556,李采霓中醫診所,台中市霧峰區林森路732號
1557,健恩中醫診所,台中市太平區太平路258號1樓
1558,回春堂中醫診所,台中市大里區中興路二段105號
1559,祐生中醫聯合診所,台中市大里區大里路1號
1560,仁和中醫診所,台中市大里區仁化路606號
1561,同濟堂大肚中醫診所,台中市大肚區沙田路2段402號
1562,順興堂中醫診所,台中市大肚區頂街里沙田路三段35號
1563,佑全讚中醫診所,台中市中區台灣大道一段570號
1564,坤德中醫診所,台中市北屯區北屯路66號
1565,善安堂中醫診所,台中市西屯區福科路288號1樓
1566,芳瑞中醫診所,台中市烏日區民族街3號
1567,宏福中醫診所,台中市清水區五權路64號
1568,世宏中醫診所,臺中市大里區永隆路268號1樓
1569,駿發中醫診所,台中市大里區中興路2段671 巷6一2號
1570,德泰中醫診所,臺中市大甲區臨江路12號
1571,國根中醫診所,台中市太平區樹孝路91號
1572,鼎宇中醫診所,台中市北區太原路二段98號
1573,萬泰中醫診所,台中市太平區東平路487號
1574,新世代中醫診所,台中市東區台中路77號1、2樓
1575,建誠中醫診所,台中市烏日區中山路三段591號
1576,高田中醫診所,台中市大里區塗城路802號
1577,和敬堂中醫診所,台中市沙鹿區光大路256號
1578,吉安堂中醫診所,台中市潭子區中山路一段298-18號
1579,登錦堂中醫診所,台中市太平區溪洲西路19號
1580,均澄中醫診所,台中市西區東興路三段142號1樓
1581,漢林中醫診所,台中市大肚區遊園路二段257號
1582,新厚生中醫診所,台中市清水區中山路129之7號
1583,張仲田中醫診所,台中市東勢區豐勢路478號
1584,德明中醫診所,臺南市新營區民生路45號
1585,至德中醫診所,臺南市中西區西湖里和緯路五段243號1樓
1586,健宏中醫聯合診所,臺南市永康區四維街2號1樓
1587,育慧中醫診所,台南市永康區永康街133號
1588,復華中醫診所,臺南市永康區忠孝路3號
1589,佛德中醫診所,台南市仁德區中山路275號
1590,平安中醫診所,臺南市學甲區自強路123號
1591,光華中醫診所,台南市新市區華興街105號
1592,鄭守柔中醫診所,台南市中西區慶中街2號
1593,崇德民佑中醫診所,台南市東區崇德路462號
1594,陳彥行中醫診所,台南市中西區健康路一段142號
1595,崇學馬光中醫診所,台南市東區龍山里崇學路195號1樓
1596,成功馬光中醫診所,台南市東區長榮路三段121號1、2樓
1597,百合馬光中醫診所,台南市永康區六合里華二路350號1、2樓及352號1樓
1598,健恩中醫診所,台南市永康區中山路116號
1599,倪佩詩中醫診所,台南市新化區忠孝路118號
1600,蔚武中醫診所,台南市東區崇明路502號
1601,昭穎中醫診所,台南市玉井區中華路235號
1602,大大中醫診所,台南市新營區新進路47號
1603,至陽中醫診所,台南市永康區中華二路203號
1604,天慧中醫診所,台南市永康區中正南路696號
1605,邱碧瑩中醫診所,台南市北區公園路778號
1606,濟安中醫診所,台南市永康區中華一路140號
1607,江銘酌中醫診所,台南市永康區振興路88號
1608,周佩蓉中醫診所,台南市永康區北興路222號
1609,德林中醫診所,台南市新營區民治路348號
1610,吉祥中醫診所,台南市永康區龍埔街472號
1611,濟世中醫診所,台南市永康區永明街61號
1612,安和中醫診所,台南市北區北安路一段178號
1613,銘輝中醫診所,台南市新營區新進路258-2號1樓
1614,傳揚中醫診所,台南市仁德區正義三街65號
1615,永康回春中醫診所,台南市永康區中正南路809號
1616,光復中醫診所,台南市永康區永大路二段257號
1617,仁寶中醫診所,台南市麻豆區中正路18號
1618,呈心中醫診所,台南市中西區金華路四段18號
1619,慈祥中醫診所,台南市佳里區新生路43號
1620,台南奇美醫院,台南市永康區中華路901號
1621,高雄榮民總醫院臺南分院,台南市永康區復興路427號
1622,衛生福利部新營醫院,台南市新營區信義街73號
1623,康馥中醫診所,台南市北區文賢路234號
1624,德芳中醫診所,台南市永康區富強路一段157號
1625,晉陽中醫診所,台南市北區開元路343號
1626,麻豆新樓醫院,台南市麻豆區小埤里苓子林20號
1627,光合中醫診所,台南市新營區中正路110之8號
1628,禾心堂中醫診所,台南市鹽水區武廟路22號
1629,大安中醫診所,台南市佳里區延平路364號
1630,上善中醫診所,台南市永康區新中街301號
1631,毓元堂中醫診所,台南市南區金華路二段273號
1632,金華唐中醫診所,台南市中西區金華路三段12號
1633,元禾中醫診所,台南市安平區府前路二段618號
1634,豐隆中醫診所,台南市安平區華平路473號
1635,立春堂中醫診所,台南市善化區光復路10號
1636,王相欽中醫診所,台南市永康區復國一路168號
1637,祐康中醫診所,台南市永康區中華路396號
1638,楊慶祥中醫診所,台南市永康區永大路二段295號
1639,廣濟中醫診所,台南市永康區永大路二段173-1號
1640,勝義中醫診所,台南市新市區忠孝街158號
1641,宏欣中醫診所,台南市永康區中山南路27號
1642,慧安中醫診所,臺南市麻豆區興中路184－1號
1643,大有中醫診所,高雄市大寮區鳳林三路219號
1644,佛心中醫診所,高雄市岡山區岡山路98號
1645,長庚中醫診所,高雄市苓雅區青年一路117號1樓
1646,蔡宜芬中醫診所,高雄市三民區明福街19號
1647,高傳中醫診所,高雄市湖內區中山路二段212號之2
1648,聖家中醫診所,高雄市岡山區岡山路171號
1649,東霖馬光中醫診所,高雄市林園區王公路37號
1650,瑞隆馬光中醫診所,高雄市前鎮區瑞隆路523號
1651,鳳山馬光中醫診所,高雄市鳳山區維新路122號
1652,民佑中醫診所,高雄市岡山區民有路33號
1653,心香中醫診所,高雄市鳳山區八德路二段222號
1654,汏樹中醫診所,高雄市大樹區中正一路375號
1655,澤豐中醫診所,高雄市苓雅區和平一路96號
1656,慶昌中醫診所,高雄市鳳山區五甲三路82號
1657,隆好中醫診所,高雄市仁武區八德南路466號
1658,茂盛中醫診所,高雄市岡山區前峰路39之8號
1659,博聖中醫診所,高雄市岡山區大德一路90號
1660,廣澤堂中醫診所,高雄市楠梓區三山街14號1樓
1661,春豐中醫診所,高雄市三民區大豐二路456號1樓
1662,廣欣中醫診所,高雄市左營區立信路85號
1663,佑慈中醫診所,高雄市鳳山區誠義路165號
1664,嘉品中醫診所,高雄市三民區大順二路60號1樓
1665,立安中醫診所,高雄市仁武區中正路56號
1666,鍾志光中醫診所,高雄市鳳山區青年路2段146-5號
1667,凌雲中醫診所,高雄市仁武區中華路142號
1668,恩泉中醫診所,高雄市三民區陽明路136號1樓
1669,禾安中醫診所,高雄市新興區復興二路193號
1670,安心堂中醫診所,高雄市鳳山區文聖街97號
1671,德益中醫診所,高雄市林園區林園北路308號
1672,禾欣中醫診所,高雄市鼓山區中華一路812號1樓
1673,鳳山大同中醫診所,高雄市鳳山區光復路一段109.111號
1674,天煌大豐中醫診所,高雄市大寮區鳳林三路506號
1675,鴻仁中醫診所,高雄市橋頭區南溝路180號
1676,健仁醫院中醫科,高雄市楠梓區楠陽路136號
1677,建宏中醫診所,高雄市旗山區大同街21號
1678,進安中醫診所,高雄市岡山區岡山路5號
1679,順心中醫診所,高雄市岡山區民有路15號
1680,德隆中醫診所,高雄市岡山區公園西路三段106號
1681,陳瑞聰中醫診所,高雄市岡山區中山南路462號
1682,蓮見中醫診所,高雄市燕巢區中民路626號
1683,存德堂中醫診所,高雄市路竹區中山路1175號
1684,睿安中醫診所,高雄市大寮區鳳林三路777號
1685,高雄市立鳳山醫院,高雄市鳳山區經武路 42 、42-1號
1686,高雄長庚紀念醫院,高雄市鳥松區大埤路123號
1687,至和中醫診所,高雄市鳳山區新富路389號
1688,仁祥中醫診所,高雄市岡山區大仁北路372號1樓
1689,慈悅中醫診所,高雄市旗山區民權三街19號1樓
1690,高美中醫診所,高雄市鼓山區美術北三路235號
1691,明華凱璿中醫診所,高雄市鼓山區明華路247號
1692,啟文堂中醫診所,高雄市左營區翠峰路64號
1693,至謙中醫診所,高雄市左營區華夏路310號
1694,安柏中醫診所,高雄市前鎮區民權二路180號2樓
1695,宜璇中醫診所,高雄市鳳山區福興里自強一路41號
1696,六合中醫診所,高雄市岡山區岡山路197號
1697,振德中醫診所,高雄市苓雅區同慶路96號
1698,一麟中醫診所,高雄市旗山區延平一路145號
1699,國軍高雄總醫院左營分院,高雄市左營區軍校路553號
1700,欣蓮馨中醫診所,高雄市苓雅區和平一路144巷33之3號
1701,惠勝中醫診所,高雄市大寮區大寮路889號
1702,明悅中醫診所,宜蘭市中山路二段303號之1
1703,羅東仁濟中醫聯合診所,宜蘭縣羅東鎮興東南路1號
1704,宜蘭員山醫院,宜蘭縣員山鄉尚深路91號
1705,仁濟中醫聯合診所,宜蘭市文昌路147-1號
1706,同仁堂中醫聯合診所,宜蘭縣羅東鎮天津路60號
1707,宜康中醫診所,宜蘭市民族路338號
1708,存仁堂中醫診所,宜蘭縣羅東鎮倉前路36號
1709,新南大中醫診所,宜蘭市宜興路1段89號
1710,慧仁中醫診所,宜蘭市光復路88號
1711,新悅中醫診所,宜蘭市中山路三段286號1樓
1712,臺北榮民總醫院員山分院,宜蘭市林森路1號
1713,怡得心中醫診所,宜蘭縣羅東鎮中山路4段262號
1714,得福中醫診所,宜蘭縣羅東鎮公正路115號
1715,世揚中醫診所,宜蘭縣蘇澳鎮中山路113號
1716,悅恩中醫診所,宜蘭縣頭城鎮纘祥路67-3號
1717,馬光中醫診所,屏東市公園路19號
1718,內埔中醫診所,屏東縣內埔鄉內田村學人路729號
1719,潮州馬光中醫診所,屏東縣潮州鎮盧山路65號
1720,東港馬光中醫診所,屏東縣東港鎮光復路一段268號
1721,弘安堂中醫診所,屏東市廣東路173之1號
1722,高點中醫診所,屏東市大武路196號
1723,黃光裕中醫診所,屏東市華盛街9之1號
1724,漢堂中醫診所,屏東市廣東路1382之2號
1725,康霖中醫診所,屏東縣潮州鎮府洋北街90號
1726,明泰中醫診所,屏東縣東港鎮中正路一段341號
1727,六和堂中醫診所,屏東市廣東路43之3號
1728,振德中醫診所,屏東縣南州鄉人和路52號
1729,淮元中醫診所,屏東市興豐路82號
1730,京祺中醫診所,屏東市民族路275之5號
1731,春安堂中醫診所,屏東縣潮州鎮新生路18號
1732,華富中醫診所,屏東市民族路174之1號
1733,長昇中醫診所,屏東縣潮州鎮曲江街62號
1734,仁光中醫診所,屏東市廣東南路260號
1735,陽明中醫診所,屏東縣萬丹鄉萬壽路二段269號
1736,至德中醫診所,屏東市建南路134號
1737,慶安中醫診所,屏東市自由路420之6號
1738,齊心中醫診所,屏東縣崁頂鄉中正路154號1樓
1739,大同中醫診所,屏東市大同北路116號
1740,高雄榮民總醫院屏東分院,屏東縣內埔鄉昭勝路安平1巷1號
1741,屏東基督教醫院中醫科,屏東市大連路60號
1742,民眾醫院中醫科,屏東市忠孝路155之6號2樓
1743,濟世中醫診所,屏東市自由路379號
1744,人仁中醫診所,屏東縣潮州鎮文化路136號
1745,潮州黃耆中醫診所,屏東縣潮州鎮五福路18之7號
1746,黃耆中醫診所,屏東縣東港鎮中正路一段332號
1747,陳皮中醫診所,屏東縣東港鎮明德一路371號
1748,福德中醫診所,屏東縣里港鄉永春村路42號
1749,崇益中醫診所,屏東縣枋寮鄉中山路246之5號
1750,張世材中醫診所,屏東縣佳冬鄉石光村中山路150號
1751,琉球中醫診所,屏東縣琉球鄉三民路201號
1752,順泰中醫診所,彰化市仁愛路110號
1753,祥順中醫聯合診所,彰化市中民街70號
1754,仁愛中醫聯合診所,彰化縣員林市中山南路36號
1755,國寶中醫診所,鹿港鎮中山路305號
1756,榮癸貞中醫診所,彰化市崙平南路145號
1757,東方中醫診所,和美鎮仁安路13號
1758,正泰成中醫診所,彰化縣溪湖鎮彰水路4段96號
1759,健盛中醫診所,彰化市彰美路一段143號
1760,蕭森霖中醫診所,員林市中正路96號
1761,長青中醫診所,花壇鄉中正路78號
1762,華良中醫診所,彰化縣彰化市自強南路48號
1763,仁安堂中醫診所,彰化市天祥路247號
1764,賴鵬飛中醫診所,和美鎮山犁里鹿和路6段371號
1765,三合貴中醫診所,員林市新義街326號
1766,詠春中醫診所,彰化市東民街67號
1767,謝天中醫診所,彰化縣溪湖鎮中興路113號
1768,寶田中醫診所,北斗鎮中華路260號
1769,建安中醫診所,員林市中正路299號
1770,天水堂中醫診所,和美鎮彰美路六段40號
1771,彰化鹿港基督教醫院,彰化縣鹿港鎮中正路480號
1772,彰化基督教醫院,彰化市南校街135號
1773,東宜中醫診所,彰化市彰南路一段33號
1774,厚德中醫診所,伸港鄉新港路78號
1775,宏安中醫診所,彰化縣和美鎮中正路156號
1776,上安中醫診所,彰化市中山路2段636號
1777,勢登中醫診所,北斗鎮斗苑路一段94號
1778,岐黃中醫診所,溪湖鎮福安路122號
1779,信義中醫診所,彰化市天祥路243巷10號
1780,昌德中醫診所,彰化縣秀水鄉福安村中山路529號
1781,陳宜見中醫診所,彰化市辭修路182-1號
1782,延安中醫診所,彰化市民生路219號
1783,仲慶中醫診所,彰化縣埤頭鄉永豐村永安街64號
1784,民安中醫診所,溪湖鎮西環路217號
1785,蘭平中醫診所,員林市南平街139號
1786,一品堂中醫診所,和美鎮永樂路63號
1787,杏林堂中醫診所,溪湖鎮光平里彰水路三段383號
1788,佳仁堂中醫診所,花壇鄉中山路2段60號
1789,一品堂鹿港中醫診所,鹿港鎮中正路422號
1790,品豪中醫診所,線西鄉沿海路一段812-1號
1791,寶山中醫診所,彰化縣伸港鄉大同村大同9街137號
1792,彰化秀傳紀念醫院,彰化市中山路一段542號
1793,員榮醫院員生院區,員林市莒光路359號
1794,永生中醫診所,彰化市中正路一段327號
1795,王耀賢中醫診所,彰化市彰美路一段110巷103-5號
1796,神農中醫診所,員林市中正路400巷13號
1797,統銓中醫診所,員林市正興街368號
1798,德桂中醫診所,二林鎮南安路30號
1799,順武堂中醫診所,二林鎮文華一街21號
1800,漢銘基督教醫院,彰化縣彰化市中山路一段366號
1801,衛生福利部彰化醫院,彰化縣埔心鄉中正路二段80號
1802,常春醫院,彰化縣員林市員集路二段501號
1803,泰安中醫診所,彰化縣秀水鄉彰水路二段657號
1804,陳增智中醫診所,彰化縣伸港鄉忠孝路25號
1805,文禾中醫診所,彰化縣鹿港鎮復興路374號
1806,皇誠中醫診所,彰化市和調里工校街25號1樓
1807,冠頤中醫診所,彰化市三民路257號
1808,陽明中醫診所,鹿港鎮玉順里中山路402號
1809,安美中醫診所,新北市三重區文化北路97號
1810,靈群閣中醫診所,新北市板橋區裕民街56巷3號1樓
1811,保安堂中醫診所,新北市三重區正義北路47號
1812,軒林中醫診所,新北市三重區三和路四段217號
1813,龍安中醫診所,新北市三重區仁愛街680號
1814,忠孝龍安中醫診所,新北市三重區忠孝路2段53號
1815,天祐中醫診所,新北市板橋區三民路二段119號
1816,新北市立土城醫院,新北市土城區金城路二段6號
1817,安慶中醫診所,新北市新店區安康路三段51號1樓
1818,三重養生堂中醫診所,新北市三重區龍門路28號
1819,三元中醫診所,新北市中和區中興街202巷16-1號1樓
1820,大漢中醫診所,新北市汐止區忠孝東路212號1樓
1821,大新中醫診所,新北市汐止區樟樹一路141巷1號1樓
1822,正五華中醫診所,新北市三重區溪尾街121號
1823,林口悅兒親子中醫診所,新北市林口區文化二路一段392號1樓
1824,安康中醫診所,新北市新店區安康路二段175號
1825,秀峰中醫診所,新北市汐止區新台五路2段9號
1826,土城建宏中醫診所,新北市土城區中央路一點260-2號1樓
1827,中和健宏中醫聯合診所,新北市中和區景新街293號及295巷1號1樓
1828,鴻昇中醫診所,新北市蘆洲區復興路106號
1829,永和健生堂中醫診所,新北市永和區仁愛路218號
1830,康欣中醫診所,新北市三重區中正北路79號
1831,漢昌中醫診所,新北市樹林區保安街一段315號
1832,健福中醫診所,新北市板橋區三民路一段54，56號
1833,惟康中醫診所,新北市三重區長榮路8號1樓
1834,榮德中醫診所,新北市板橋區懷德街131號1樓
1835,新莊易元堂中醫診所,新北市新莊區幸福路680號1樓
1836,板橋新生堂中醫診所,新北市板橋區文化路一段188巷17號1樓
1837,從容中醫診所,新北市永和區中山路一段202號1樓
1838,禾生堂中醫診所,新北市深坑區北深路二段184號
1839,舞鶴中醫診所,新北市新莊區新泰路124號1樓
1840,潤宇堂中醫診所,新北市板橋區重慶路175號
1841,璟欣中醫診所,新北市三重區三和路四段199號
1842,又一春中醫診所,新北市新莊區新泰路288號1樓
1843,祥同中醫診所,新北市永和區竹林路150、152號
1844,聖和中醫診所,新北市土城區廣興街28、30號
1845,慶竹中醫診所,新北市三重區五華街178號1樓
1846,靖林中醫診所,新北市永和區中正路718號
1847,聖恩中醫診所,新北市板橋區陽明街126號1樓
1848,尊生堂中醫診所,新北市新莊區幸福路81號
1849,永福中醫診所,新北市新莊區民安西路67號
1850,妍喜中醫診所,新北市中和區景平路335號1樓
1851,妙吉祥中醫診所,新北市林口區仁愛路2段269號2樓之1
1852,秀景中醫診所,新北市中和區成功路105號
1853,遠東中醫診所,新北市板橋區漢生東路335號
1854,祥寧中醫診所,新北市永和區中興街104、106號
1855,廣緣堂中醫診所,新北市汐止區明峰街132號
1856,健榮中醫診所,新北市汐止區康寧街487號1樓
1857,泰源中醫診所,新北市板橋區四川路一段98號
1858,易安中醫診所,新北市三峽區中華路51號
1859,長駥堂中醫診所,新北市立三重區力行路二段180號
1860,仁得中醫診所,新北市板橋區民權路258之7號1樓
1861,星光中醫診所,新北市泰山區明志路一段81號
1862,大順中醫診所,新北市五股區成泰路二段196號
1863,康乃馨中醫診所,新北市中和區中正路137號
1864,仁心中醫診所,新北市板橋區北門街42-3號
1865,慶安中醫診所,新北市淡水區中山路143號
1866,宏昌中醫診所,新北市板橋區新海路3號
1867,聯生中醫診所,新北市林口區三民路108號1樓
1868,人和中醫診所,新北市板橋區溪北路48號
1869,林寶華中醫診所,新北市三重區中正北路218號1樓
1870,周中醫診所,新北市五股區成泰路二段182號
1871,健宏中醫診所,新北市新店區中央里中央路198號
1872,延和中醫診所,新北市土城區延和路127號
1873,吉安中醫診所,新北市板橋區篤行路三段78號1樓
1874,健祐中醫診所,新北市永和區竹林路173號
1875,裕安中醫診所,新北市板橋區中山路2段487號
1876,宜庭中醫診所,新北市永和區永貞路439號1樓
1877,泰和中醫診所,新北市新莊區公園路18號1樓
1878,正峰中醫診所,新北市鶯歌區光明街169號一樓171號一樓
1879,厚德中醫診所,新北市樹林區中正路851號
1880,岐黃中醫診所,新北市新莊區復興路二段150號
1881,賀元中醫聯合診所,新北市樹林區中山路一段158號
1882,福康中醫診所,新北市樹林區中山路一段216號
1883,家福中醫診所,新北市板橋區雙十路三段43號1樓
1884,頌和中醫診所,新北市中和區景平路666號1樓
1885,澄品中醫診所,新北市中和區泰和街2號
1886,臻觀中醫診所,新北市永和區永貞路8號
1887,品宣中醫診所,新北市新店區北新路三段145號2樓
1888,元新中醫診所,新北市永和區福和路145號3樓
1889,品妍中醫診所,新北市新莊區幸福路672號2樓
1890,同仁堂中醫診所,新北市蘆洲區信義路297號
1891,三重同仁堂中醫診所,新北市三重區忠孝路二段99號
1892,國華中醫診所,新北市新店區北新路3段86號
1893,北新中醫診所,新北市新店區北宜路一段35號
1894,彤發中醫診所,新北市新莊區龍安路1之1號1樓
1895,超群中醫診所,新北市新莊區中正路321號
1896,土城明師中醫聯合診所,新北市土城區中正路一號1-2樓
1897,世峰中醫診所,新北市永和區豫溪街50號
1898,泉安堂中醫診所,新北市永和區竹林路4號
1899,景新中醫診所,新北市中和區景新街448號
1900,詠德中醫診所,新北市中和區中正路47號1樓
1901,德睿中醫診所,新北市板橋區華興街62號
1902,聯安中醫診所,新北市新莊區中港路240號
1903,昇源中醫診所,新北市新莊區化成路265號
1904,明儒中醫診所,新北市中和區大仁街19巷3號1樓
1905,三德中醫診所,新北市新莊區復興路二段41號
1906,康博中醫診所,新北市中和區新生街283號1樓
1907,真如中醫診所,新北市三重區文化南路特8號
1908,國耀中醫診所,新北市中和南山路166號
1909,全泰中醫診所,新北市板橋區中山路2段78號1樓
1910,百昌堂中醫診所,新北市三重區自強路二段一號
1911,橘泉中醫診所,新北市板橋區四維路179-1號
1912,新生堂中醫診所,新北市中和區新生街142號
1913,鈺唐中醫診所,新北市樹林區後站街3巷14號
1914,薇晶中醫診所,新北市板橋區民生路三段83號1樓
1915,麗景中醫診所,新北市新莊區幸福路66號
1916,永和易元堂中醫診所,新北市永和區中正路62號
1917,太乙中醫診所,新北市板橋區溪北路74號
1918,國慶中醫診所,新北市鶯歌區國慶街114號
1919,國光中醫診所,新北市板橋區國光路157號
1920,三大中醫診所,新北市中和區景平路452號
1921,仁合中醫診所,新北市三峽區文化路112號
1922,啟新中醫診所,新北市蘆洲區中正路197號1樓
1923,祐新中醫診所,新北市板橋區文化路1段306號1、2樓
1924,回春中醫診所,新北市板橋區國光路17號
1925,陳逸德中醫診所,新北市三重區中央南路2號
1926,賢明中醫診所,新北市三峽區文化路46號
1927,元津堂中醫診所,新北市三峽區民生街146巷19號
1928,衛生福利部臺北醫院,新北市新莊區思源路127號
1929,禪心中醫診所,新北市新店區中興路三段221之一號
1930,時珍中醫診所,新北市泰山區明志路三段147號1，2樓
1931,神農中醫診所,新北市新莊區新泰路342號
1932,唯其中醫診所,新北市汐止區建成路59巷63號1樓
1933,衛生福利部樂生療養院,新北市新莊區中正路794號
1934,行天宮恩主公醫院,新北市三峽區中山路198號
1935,長榮中醫診所,新北市蘆洲區長榮路55號
1936,德昇中醫診所,新北市板橋區中正路37號1樓、B1
1937,施丞修中醫診所,新北市板橋區中山路362號
1938,坤儒中醫診所,新北市板橋區陽明街77號
1939,康宸中醫診所,新北市板橋區南門街43號1、2、3樓
1940,一心中醫診所,新北市板橋區懷德街117號1樓
1941,江翠中醫診所,新北市板橋區雙十路三段3號
1942,鼎超中醫診所,新北市板橋區雙十路二段47巷8弄16號1樓
1943,郭中醫診所,新北市板橋區南雅西路二段182號
1944,老記保壽堂中醫診所,新北市板橋區龍興街16號
1945,仲德中醫診所,新北市板橋區文聖街157號
1946,東芳榮妹中醫診所,新北市板橋區貴興路82號
1947,六合堂中醫診所,新北市板橋區中正路332－4號1樓
1948,百善堂中醫診所,新北市板橋區新海路344號
1949,六安堂中醫診所,新北市板橋區忠孝路39號
1950,御品堂中醫診所,新北市板橋區長安街333號1樓
1951,益成中醫診所,新北市三重區三和路二段77號
1952,六福堂中醫診所,新北市三重區正義北路211號
1953,松鶴中醫診所,新北市三重區過圳街7巷36號1樓
1954,健安堂中醫診所,新北市三重區重新路一段72號
1955,健安中醫診所,新北市三重區碧華街141號1樓
1956,仁安堂中醫診所,新北市三重區三和路四段133號
1957,三重天慕堂中醫診所,新北市三重區中正南路165號
1958,俊發中醫診所,新北市永和區復興街31號
1959,永樂中醫診所,新北市永和區中山路一段14號
1960,漢唐中醫診所,新北市中和區捷運路125號
1961,雋恩中醫診所,新北市中和區景德街30號
1962,元宇中醫診所,新北市中和區新生街241號
1963,詹錫彥中醫診所,新北市中和區宜安路159號
1964,富邦中醫診所,新北市中和區忠孝街85號1樓
1965,揚銘中醫診所,新北市中和區圓通路234號
1966,潤泰中醫診所,新北市中和區員山路409號1樓、411號1樓
1967,景安現代中醫診所,新北市中和區景平路558號1樓
1968,沐心中醫診所,新北市中和區興南路一段159號1樓
1969,明芯中醫診所,新北市中和區景平路561號
1970,必安中醫診所,新北市新店區安德街75號
1971,賀安中醫診所,新北市新莊區龍安路495號1樓
1972,長青中醫診所,新北市新莊區民安西路十三號一樓
1973,佑德中醫診所,新北市新莊區八德街137號1樓
1974,美恩中醫診所,新北市新莊區幸福路46號
1975,御漢堂中醫診所,新北市新莊區中平路267號1樓
1976,聯合中醫診所,新北市新莊區景德路384號
1977,宏泰中醫診所,新北市新莊區自立街112號1樓
1978,幸福中醫診所,新北市新莊區幸福路552號
1979,至善堂中醫診所,新北市新莊區後港一路24號
1980,宏嘉中醫診所,新北市新莊區幸福路815號1樓
1981,澄杏中醫診所,新北市新莊區幸福東路133號
1982,靜好中醫診所,新北市新莊區化成路217號1樓
1983,瑞和中醫診所,新北市新莊區中平路363號1樓
1984,新悅中醫診所,新北市淡水區英專路21巷30號1樓
1985,杞子中醫診所,新北市汐止區福德二路120號1樓
1986,土城仁安堂中醫診所,新北市土城區中央路二段207號
1987,合安中醫診所,新北市土城區延吉街119號
1988,大祐中醫診所,新北市蘆洲區中正路47號
1989,芊瓏中醫診所,新北市蘆洲區復興路74號
1990,六善堂中醫診所,新北市蘆洲區中華街7號
1991,泰明中醫診所,新北市泰山區明志路2段379號1樓
1992,林口真如中醫診所,新北市林口區文化三路一段571號
1993,懷臨堂中醫診所,新北市林口區公園路193號
1994,德心中醫診所,新北市林口區文化三路一段394巷2號1樓
1995,吉元堂中醫診所,新北市金山區忠孝一路26號1樓
1996,玉生堂中醫診所,新北市土城區學府路一段155巷5號一樓
1997,裕芳中醫診所,新北市板橋區貴興路38號
1998,康健堂中醫診所,新北市新莊市新泰路307號1樓
1999,有慶中醫診所,新北市新莊區民安西路311號1樓之1
2000,建全中醫診所,新北市板橋區重慶路279號
2001,大宏中醫診所,新北市瑞芳區明燈路三段71號1樓
2002,宏安中醫診所,新北市三重區自強路一段254號
2003,立安中醫診所,新北市中和區興南路一段119號
2004,深耕中醫診所,新北市深坑區深坑街3巷5號
2005,渼林中醫診所,新北市土城區清水路179號1樓
2006,弘新中醫診所,新北市土城區裕民路280號3樓
2007,清水建全中醫診所,新北市土城區明德路一段59號
2008,長榮中醫診所,新北市蘆洲區長榮路55號
2009,昌隆中醫診所,新北市新莊區幸福路64巷4弄3號1樓
2010,聖昇中醫診所,新北市永和區中正路109號2樓
2011,孫中醫診所,新北市鶯歌區國慶街154號
2012,漢唐中醫診所,新北市中和區捷運路125號1樓
2013,慈愛中醫診所,新北市樹林區日新街52號
2014,元慶中醫診所,新北市中和區保健路27之4號
2015,慈恩中醫診所(三峽),新北市三峽區文化路70號
2016,九和堂中醫診所,新北市新莊區雙鳳路41號
2017,鴻林中醫診所,新北市板橋區成都街37號一摟
2018,新昌中醫診所,新北市板橋區府中路24號2樓
2019,佑康中醫診所,新北市樹林區學成路478號1樓
2020,林口真如中醫診所,新北市林口區文化三路一段571號
2021,得康中醫,新北市蘆洲區中原路41號1樓
2022,康源中醫診所,新北市永和區得和路351號
2023,秀善中醫診所,新竹市東區西門街223號
2024,慶仁眼科內科中醫診所,新竹市東區中華路二段381號
2025,真澄中醫診所,新竹市東區復中里民權路169號
2026,保順中醫診所,新竹市東區光復路一段181號
2027,琉璃光中醫診所,新竹市東區南大路93-1號
2028,惠生中醫診所,新竹市北區北新街125號
2029,詹台杰中醫診所,新竹市東區中央路182號2樓
2030,和杏中醫診所,新竹市東區光復路一段561號
2031,上明中醫診所,新竹市東區光復路一段266號
2032,仁和堂中醫診所,新竹市東區經國路一段702號
2033,蔡宗璟中醫診所,新竹市中正路72號
2034,慶暉中醫診所,新竹市東區食品路181號
2035,聖堯中醫診所,新竹市北區武陵路65號
2036,仁愛中醫診所,新竹市林森路310號
2037,常榮中醫診所,新竹市中山路273號
2038,常春中醫診所,新竹市東區南大路362號
2039,元安中醫診所,新竹市東區食品路448號
2040,陳彥吉中醫診所,新竹市北區四維路36號
2041,同安堂中醫診所,新竹市北區武陵路92號
2042,大同中醫診所,新竹市東區民族路255號
2043,科理中醫診所,新竹市東區東南街140號
2044,李如英中醫診所,新竹市東區中山路32號
2045,漢華中醫診所,新竹市東區南大路110之1號
2046,李思慧中醫診所,新竹市光復路一段256號
2047,晉業中醫診所,新竹市東區新莊街13號
2048,宜森中醫診所,新竹市北區金竹路126號1樓
2049,仁濟中醫診所,新竹市東區建功一路91號
2050,騏佑中醫診所,新竹市西大路69號
2051,順良中醫診所,新竹市北區湳雅街2之2號
2052,一品堂中醫診所,新竹市北區中華路三段16號
2053,聯樺中醫診所,新竹市東區建中一路10號
2054,嘉心堂中醫診所,新竹市北區湳雅街176號
2055,劉中醫診所,新竹市東區光復路一段314號
2056,華信中醫診所,新竹市東區中央路301號
2057,華陽中醫診所,新竹市東區建功一路133號
2058,丞太中醫診所,新竹市東區民權路49號
2059,進安中醫診所,新竹市東區中華路二段574號
2060,陳俊麟中醫診所,新竹市東區東光路45號
2061,益元堂中醫診所,新竹市東區文化街78號
2062,恩慈經典中醫診所,新竹市東區光復路一段360-15號
2063,新桐中醫診所,新竹市民族路37號一樓
2064,長青中醫診所,新竹市中正路71號1樓、2樓
2065,薇竹中醫診所,新竹市新源街138號一樓
2066,恆安堂中醫診所,新竹市東區勝利路51號
2067,勻品中醫診所,新竹市東區寺前里南大路372號1樓
2068,祥發中醫診所,新竹市東區光復路一段261號
2069,大興中醫診所,新竹市北區光田里水田街192號
2070,林金龍中醫診所,新竹市北區北門街47號
2071,康宸中醫診所,新竹市東區經國路二段378號
2072,林淑玲中醫診所,新竹市北區竹光路149號
2073,張菊元中醫診所,新竹市北區湳雅街136號
2074,樺葳中醫診所,新竹市北區水田街174號
2075,萬安內科痔科中醫診所,新竹市東區大同路8號
2076,厚生中醫診所,新竹市東區中山路140號
2077,玄唐中醫診所,新竹縣竹北市博愛街418號1樓
2078,均安中醫診所,新竹縣新豐鄉泰安街82號
2079,順安中醫診所,竹北市博愛街198號
2080,宥銨中醫診所,新竹縣竹北市福興一路28號
2081,天安中醫診所,竹北市博愛街379號
2082,晉醫堂中醫診所,新竹縣竹北市莊敬南路75號ㄧ樓
2083,長安中醫診所,新豐鄉新興路237號
2084,懷恩中醫診所,新竹縣關西鎮中興路2-3號2樓
2085,上上中醫診所,新竹縣新豐鄉建興路一段74號
2086,仁人中醫診所,新竹縣竹北市華興街150號
2087,保安中醫診所,湖口鄉中正路1段141號
2088,盧廷圳中醫診所,新竹縣湖口鄉忠孝路26號
2089,禪中醫診所,竹北市福興東路二段162號
2090,臺北榮民總醫院新竹分院,新竹縣竹東鎮中豐路1段81號
2091,祐祥中醫診所,新竹縣竹東鎮東寧路3段175號
2092,一品堂竹北中醫診所,竹北市中正東路143號
2093,中國醫大新竹分院,竹北市興隆路一段199號
2094,和新中醫診所,新竹縣竹東鎮中正路111號
2095,上明中醫聯合診所,新竹縣竹東鎮東林路77號
2096,仁義中醫診所,竹北市成功六街57號
2097,安興中醫診所,新竹縣竹北市三民路407號
2098,永濟中醫診所,竹北市博愛街281號
2099,光明中醫診所,新竹縣竹北市復興三路二段70號
2100,天佑中醫診所,新竹縣竹北市縣政二路412號1、2樓
2101,聖昀中醫診所,新竹縣竹北市 成功六街 255號 一樓
2102,彭姵綸中醫診所,新竹縣竹北市嘉豐六路二段140號
2103,誠璞中醫診所,竹北市福興東路二段156號1樓
2104,照海中醫診所,新竹縣竹北市六家五路一段339號1樓
2105,人文中醫診所,新竹縣竹北市勝利三街71號
2106,厚德堂中醫診所,桃園市八德區介壽路964號
2107,億軒中醫診所,桃園市中壢區環北路351號
2108,一品堂中醫診所,桃園市平鎮區延平路二段91號1樓
2109,廣仁堂中醫診所,桃園市八德區和平路11號
2110,青埔悅兒親子中醫診所,桃園市大園區高鐵南路一段121號
2111,悅兒親子中醫診所,桃園市龜山區文化一路10巷26號
2112,仁心堂中醫診所,桃園市桃園區中山北路96號
2113,廣和中醫診所,桃園市桃園區永安路300號
2114,杏恩中醫診所,桃園市中壢區中美路2段150號1樓
2115,澄美中醫診所,桃園市中壢區福德路64號1樓
2116,永敬中醫診所,桃園市桃園區信光路87號
2117,中壢同慶中醫診所,桃園市中壢區中正路357號1至3樓
2118,宜康中醫診所,桃園市中壢區忠孝路164號
2119,康綸中醫診所,桃園市大園區果林路223號
2120,漢醫中醫診所,桃園市桃園區復興路405號
2121,同德中醫診所,桃園市中壢區龍昌路475號
2122,弘安堂中醫聯合診所,桃園市中壢區莊敬路151號
2123,聯生中醫診所,桃園市龜山區文昌一街 5號1樓
2124,華泰中醫診所,桃園市中壢區健行路153-1號
2125,鄭建祥中醫診所,桃園市桃園區國際路一段1040號
2126,振興中醫診所,桃園市觀音區大觀路一段512號
2127,安康中醫診所,桃園市蘆竹區南順七街27號
2128,龜山文學風澤中醫診所,桃園市龜山區文學路255號
2129,青埔風澤中醫診所,桃園市大園區公園路一段80號
2130,龍安風澤中醫診所,桃園市桃園區龍安街157號1樓
2131,站前內壢風澤中醫診所,桃園市中壢區福德路15號
2132,藝文風澤中醫診所,桃園市桃園區中正路1126號
2133,龜山風澤中醫診所,桃園市龜山區萬壽路二段982號
2134,大業風澤中醫診所,桃園市桃園區大業路一段428號1樓
2135,楊梅風澤中醫診所,桃園市楊梅區大成路106號
2136,平鎮風澤中醫診所,桃園市平鎮區延平路二段65號
2137,八德風澤中醫診所,桃園市八德區福國北路100號
2138,埔心風澤中醫診所,桃園市楊梅區永美路334號
2139,蘆山風澤中醫診所,桃園市蘆竹區中山路56-1號
2140,中壢風澤中醫診所,桃園市中壢區延平路517號
2141,寶山風澤中醫診所,桃園市桃園區寶山街207號
2142,南崁風澤中醫診所,桃園市蘆竹區中正路355號
2143,大竹風澤中醫診所,桃園市蘆竹區大竹路426-5號
2144,內壢風澤中醫診所,桃園市中壢區環中東路149號
2145,風澤中醫診所,桃園市桃園區中山路428號1樓
2146,蕙辰中醫診所,桃園市中壢區普忠路233號
2147,永康中醫診所,桃園市蘆竹區南崁路70號1樓
2148,羅明江中醫診所,桃園市中壢區環北路155號1樓
2149,青田中醫診所,桃園市中壢區中山路54號
2150,明醫中醫診所,桃園市中壢區中山路54號
2151,龍潭竹善堂中醫診所,桃園市龍潭區北龍路２７５號１樓
2152,馨田中醫診所,桃園市桃園區泰昌八街23號1樓
2153,仁心中醫聯合診所,桃園市龍潭區東龍路180號
2154,樂山中醫診所,桃園市龜山區萬壽路二段 1088號1樓
2155,德馨中醫診所,桃園市桃園區桃鶯路186-1號
2156,永勝中醫診所,桃園市楊梅區四維二路139號
2157,翊展中醫診所,桃園市中壢區龍岡路一段215號1樓
2158,恩禾中醫診所,桃園市桃園區鎮撫街160號
2159,廣欣中醫診所,桃園市龜山區文化三路68號1樓
2160,成美中醫診所,桃園市平鎮區廣德街22號
2161,誠泰中醫診所,桃園市中壢區中山東路四段94及96號1樓
2162,文青堂中醫診所,桃園市龜山區文青二路7號1樓
2163,仁愛中醫診所,桃園市桃園區中山路28號
2164,震天堂中醫診所,桃園市中壢區中山東路2段29號
2165,內壢仁心堂中醫診所,桃園市中壢區仁愛路11號
2166,衛生福利部桃園醫院,桃園市桃園區中山路1492號
2167,衛生福利部桃園醫院新屋分院,桃園市新屋區新屋村新福二路六號
2168,林口長庚紀念醫院,桃園市龜山區復興街5號
2169,桃園長庚紀念醫院,桃園市龜山區舊路村頂湖路123號
2170,聯新國際醫院,桃園市平鎮區廣泰路77號
2171,上德中醫診所,桃園市桃園區成功路二段30號
2172,同安中醫診所,桃園市桃園區同安街366號
2173,辰軒中醫診所,桃園市桃園區南平路302之1號2樓
2174,芳禾中醫診所,桃園市桃園區成功路二段82號1樓
2175,陳君隆中醫診所,桃園市中壢區莒光路27號1樓
2176,松柏中醫診所,桃園市中壢區中山東路2段 187號1樓
2177,仁人堂中醫診所,桃園市中壢區中山路202號1樓
2178,國輝中醫診所,桃園市八德區廣豐路175號
2179,仁安堂中醫診所,桃園市八德區介壽路一段811號
2180,安聲中醫診所,桃園市龍潭區中正路171號
2181,恩典中醫診所,桃園市龍潭區中正路312號1樓
2182,恩惠中醫診所,桃園市龍潭區中正路312號1樓
2183,惠鼎中醫診所,桃園市中壢區龍東路98號
2184,大川中醫診所,桃園市桃園區宏昌八街136號1樓
2185,方濟中醫診所,桃園市中壢區中山東路三段246號
2186,真如堂中醫診所,桃園市大園區大觀路4號1樓
2187,華堂中醫診所,桃園市桃園區永安路379號1樓
2188,天莘中醫診所,桃園市蘆竹區南崁路336號
2189,宏壽中醫診所,桃園市中壢區中山路449號
2190,仁和堂中醫診所,桃園市中壢區中山東路3段111號
2191,國元中醫診所,桃園市桃園區慈文路197號
2192,大安中醫診所,桃園市桃園區中正路449號1樓
2193,中壢竹善堂中醫診所,桃園市中壢區中央西路一段39.41.43號2樓
2194,光隆中醫診所,桃園市中壢區中央西路2段39號
2195,新隆中醫診所,桃園市中壢區福德路12號1、2樓
2196,聖鶴堂中醫診所,桃園市中壢區榮民路１７１號１樓
2197,陽明中醫診所,桃園市桃園區鎮撫街50號
2198,長慶中醫診所,澎湖縣馬公市惠民一路10號
2199,錦山中醫診所,澎湖縣馬公市陽明路24號
2200,松安堂中醫診所,澎湖縣馬公市三多路352號
2201,澄美中醫診所,台南市中西區和緯路五段191號
2202,耕莘中醫診所,台南市南區新興路240號
2203,澄明中醫診所,台南市東區崇學路139～1號
2204,自然中醫診所,台南市南區大同路二段112巷1號
2205,美德中醫醫院,台南市北區公園路661號
2206,德全中醫診所,台南市東區崇德路680號
2207,盈泰中醫診所,台南市關廟區中正路1023.1025號
2208,仁安中醫診所,台南市東區東寧路235號
2209,成功朝順中醫診所,台南市北區西門路21、23、25號
2210,頤安堂中醫診所,台南市安定區港口里港口273號
2211,和緯中醫診所,台南市北區和緯路二段169號
2212,觀音中醫診所,台南市東區東門路三段205號
2213,固本中醫診所,台南市安南區海佃路一段260號
2214,朝順中醫診所,台南市北區文賢路606號
2215,宸莘中醫診所,台南市安平區國平路152號
2216,淯康中醫診所,台南市南區永華路一段257號
2217,晨康中醫診所,台南市安南區安中路一段227號
2218,台南市立醫院,台南市東區崇德路670號
2219,陳金泉中醫診所,台南市中西區民族路三段266號
2220,安南中醫診所,台南市安南區安中路二段166.168號
2221,周良渝中醫診所,台南市安南區安和路一段170號
2222,立宸中醫診所,台南市永康區北興路360號
2223,韋睿宏中醫診所,台南市北區小東路345號
2224,禾豐中醫診所,台南市北區北安路一段187號
2225,敦品中醫診所,台南市北區西門路三段77號
2226,執善中醫診所,台南市東區崇善路539號
2227,漢中中醫診所,台南市北區西門路四段236號
2228,衛生福利部嘉南療養院,臺南市仁德區裕忠路539號
2229,吉泰中醫診所,台南市東區崇明路443號
2230,慶平中醫診所,台南市安平區慶平路237號
2231,德祐中醫診所,台南市北區育德路490號
2232,高瑭中醫診所,台南市東區大同路二段89號
2233,宏安中醫診所,台南市北區文賢路637號
2234,安平中醫診所,台南市安平區永華路二段821號
2235,主恩中醫診所,台南市北區開元路182號
2236,翊善中醫診所,台南市永康區文化路332號
2237,信華中醫診所,台南市南區金華路一段283號
2238,黃于哲中醫診所,台南市南區健康路二段119號
2239,章如瑛中醫診所,台南市東區怡東路46號
2240,新善中醫診所,台南市東區崇善路908號
2241,沐心中醫診所,台南市南區金華路二段170號
2242,懷安堂中醫診所,台南市東區凱旋路33號
2243,文化中醫診所,台南市東區崇明十街30號
2244,參神堂中醫診所,台南市北區西門路三段189號
2245,衛生福利部臺南醫院,台南市中西區中山路125號
2246,衛生福利部臺南醫院新化分院,台南市新化區那拔里牧場72號
2247,台南新樓醫院,台南市東區東門路一段57號
2248,臺南市立安南醫院,台南市安南區長和路二段66號
2249,武德中醫診所,台南市新化區中正路413號
2250,尚原中醫診所,台南市仁德區中正路二段127號
2251,信昌中醫診所,台南市歸仁區中山路一段481號
2252,祥順中醫診所,台南市東區崇德路58號
2253,唯心中醫診所,台南市東區東寧路443號
2254,中鏵唐中醫診所,台南市東區中華東路三段126號
2255,小森中醫診所,台南市東區裕忠路105號
2256,全仁中醫診所,台南市東區崇成里崇道路20號1樓
2257,榮光中醫診所,台南市南區明興路1239-1241號
2258,承恩中醫診所,台南市南區夏林路7號之2
2259,林律安中醫診所,台南市南區新興路470號
2260,誠信中醫診所,台南市中西區忠義路二段205號
2261,春元中醫診所,台南市中西區中華西路二段626號
2262,世樺中醫診所,台南市北區公園路735號
2263,大醫精誠中醫診所,台南市北區文賢路611號
2264,艾苜中醫診所,台南市北區北安路一段239號
2265,心連心中醫診所,台南市安平區國平里華平路178號
2266,中義中醫診所,台南市南區金華路二段33巷40號
2267,惠安中醫診所,台南市南區西門路一段551號
2268,秉聖中醫診所,台南市北區西門路四段602號
2269,陳天助中醫診所,台南市北區海安路三段755號
2270,湯燕雪中醫診所,台南市北區和緯路三段182號
2271,德州中醫診所,台南市安南區安和路一段127號
2272,慶恩中醫診所,台南市中西區府前路一段182號
2273,承鴻中醫診所,台南市中西區南門路159之2號
2274,一安堂中醫診所,台南市中西區南門路185號之5
2275,富源中醫診所,台南市仁德區中正路二段480號
2276,祥元中醫診所,台南市中西區民族路三段198號
2277,陳德森內傷科中醫診所,台南市東區林森路一段192號
2278,王睿宏中醫診所,台南市東區長榮路二段162號
2279,祥恩中醫診所,台南市安平區建平路567號
2280,和氣中醫診所,台南市東區崇明路369號
2281,松裕堂中醫診所,花蓮市中正路637號
2282,萬順外科中醫診所,花蓮市中山路76號
2283,江瑞庭中醫診所,花蓮市富吉路59號
2284,隆安中醫診所,花蓮市中山路523號
2285,仁濟中醫診所,花蓮市中正路43號
2286,德恩中醫診所,花蓮市和平路472號
2287,杏林中醫診所,花蓮縣玉里鎮光復路170號
2288,國軍花蓮總醫院,花蓮縣新城鄉嘉里村嘉里路163號
2289,信欣中醫診所,花蓮市民國路26號
2290,至誠中醫診所,花蓮市富國路142號
2291,嘉德中醫診所,花蓮縣新城鄉嘉里村福德路1號
2292,林政昇中醫診所,花蓮縣吉安鄉中華路2段178號
2293,良美中醫診所,花蓮市富吉路3號
2294,大新中醫診所,花蓮市中正路142-1號
2295,保生中醫診所,花蓮市建國路2段288號
2296,大正中醫診所,花蓮縣壽豐鄉豐山村中山路146號
2297,漢華中醫診所,花蓮縣吉安鄉中山路三段123號
2298,樂田中醫診所,花蓮縣吉安鄉建國路一段231號
2299,原相中醫診所,花蓮市和平路332之2號
2300,鳳林中醫診所,花蓮縣鳳林鎮中正路二段185號
2301,林秉龍中醫,花蓮縣新城鄉北埔村民族路46號
2302,大和中醫診所,花蓮縣光復鄉中正路1段149號
2303,原德中醫診所,頭份市蟠桃里德義路102號
2304,健康中醫診所,頭份市自強路2段53號
2305,華杏中醫診所,公館鄉館東村大同路142號1樓
2306,慈恩中醫診所,後龍鎮中山路104號
2307,裕康中醫診所,公館鄉館東村14鄰大同路195號
2308,京鼎中醫聯合診所,苗栗市中山路662號
2309,康福中醫診所,頭份市和平里和平路43號
2310,京湛中醫診所,竹南鎮博愛街154號
2311,正中華中醫診所,頭份市中華路1121號
2312,豐順中醫診所,頭份市建國路2段160號
2313,保安堂中醫診所,頭份市中正路196號
2314,晨唐中醫診所,苗栗市英才路199號
2315,仁壽中醫診所,後龍鎮中龍街184號
2316,慈祐醫院中醫部,竹南鎮民治街17號
2317,保生堂中醫診所,苗栗市大同路130號
2318,郭豐演中醫診所,苗栗市建功里府前路81號
2319,林東宏中醫診所,竹南鎮光復路42-1號
2320,百漢中醫診所,苑裡鎮新興路31-12號
2321,尚德中醫診所,苗栗市府東路61號1樓
2322,南海中醫診所,苗栗市中山路789號
2323,吳家熙中醫診所,苗栗市中山路814號
2324,中山中醫診所,苗栗市為公路175號
2325,康然中醫診所,苗栗市中正路295號1樓
2326,科學中醫診所,頭份市中華路921號 新增
2327,慶福堂中醫診所,頭份市中山路60號
2328,彭賢正中醫診所,後龍鎮大庄里中山路202號
2329,聖祐中醫診所,三灣鄉三灣村民權街6號
2330,卓家老舖中醫診所,金門縣金沙鎮后浦頭3號
2331,大方中醫診所,金門縣金城鎮環島北路一段26號
2332,豐元中醫診所,金門縣金寧鄉仁愛新村139號
2333,張中醫診所,虎尾鎮中山路25號1樓
2334,文心中醫診所,西螺鎮福興路165-2號
2335,弘恩中醫診所,雲林縣斗六市中華路288號1樓
2336,至誠堂中醫診所,北港鎮南安里光明路37號
2337,光晟中醫診所,虎尾鎮公安里林森路1段360巷7-2號
2338,大成中醫聯合診所,斗六市鎮東路117號
2339,源茂中醫診所,北港鎮大同里大同路120號
2340,建成中醫診所,西螺鎮光華里延平路400號
2341,東方虎尾中醫診所,虎尾鎮中正路329號
2342,國際中醫診所,斗南鎮民權路31號
2343,明德堂中醫診所,虎尾鎮民族路23-3號
2344,南光中醫診所,虎尾鎮新生路62-1號1樓
2345,至善中醫診所,虎尾鎮新興里光復路303號
2346,國賢中醫診所,雲林縣斗六市明德北路3段355號
2347,元氣堂中醫診所,虎尾鎮東明路126號
2348,扶原中醫診所,崙背鄉大業路28號
2349,雲林基督教醫院,西螺鎮新豐里市場南路375號
2350,安賢中醫診所,斗六市上海路136號1樓
2351,復春中醫診所,西螺鎮正興里光復西路120號
2352,黃憲唐中醫診所,斗六市北平路42號
2353,菩義霖中醫診所,斗南鎮新興街130號
2354,一品堂中醫診所,斗六市忠孝里永安路46號
2355,中國醫藥大學北港附設醫院,北港鎮新街里新德路123號
2356,觀心中醫診所,土庫鎮中正路96-3號
2357,天主教若瑟醫院,虎尾鎮新生路74號
2358,宏安中醫診所,二崙鄉中山路171號
2359,泰成中醫診所,林內鄉中山路2-3號
2360,一品堂虎尾中醫診所,虎尾鎮信義路38號、40號之1樓
2361,崇德中醫診所,斗六市文化路69號
2362,陳銘斌中醫診所,水林鄉水北村水林路104號
2363,虎尾鎮農會附設中醫診所,虎尾鎮新興里光復路185號
2364,上祐中醫診所,斗六市民生南路107號
2365,一古堂中醫診所,莿桐鄉中正路66巷19之2號
2366,永傳中醫診所,褒忠鄉中民路133號
2367,保生堂中醫診所,莿桐鄉莿桐村中山路173號
2368,蘭心中醫診所,斗六市中堅西路228號1樓
2369,明鴻內婦科中醫診所,高雄市三民區義華路332號
2370,善德中醫診所,高雄市三民區皓東路171之4、171之5號
2371,高雄市立聯合醫院中醫科,高雄市鼓山區中華一路976號
2372,大雄中醫診所,高雄市苓雅區興中一路247號
2373,勝南中醫診所,高雄市三民區灣中街253號
2374,九如中醫診所,高雄市三民區九如二路456、458號1樓
2375,橋頭馬光中醫診所,高雄市橋頭區樹德路30號
2376,意凡馬光中醫診所,高雄市左營區店仔頂路32號
2377,佑昌馬光中醫診所,高雄市楠梓區德民路923號
2378,崇心中醫診所,高雄市苓雅區林森二路142號1、2樓
2379,明華馬光中醫診所,高雄市左營區明華一路192號
2380,心保泰中醫診所,高雄市鳳山區保泰路150號
2381,建功馬光中醫診所,高雄市三民區建工路700號1-3樓
2382,光華馬光中醫診所,高雄市苓雅區光華一路148-23號1-2樓
2383,尚揚馬光中醫診所,高雄市鳳山區文安街26號
2384,宸品中醫診所,高雄市新興區七賢一路510號1樓
2385,天乙中醫診所,高雄市三民區正興路187號
2386,趙家瑩中醫診所,高雄市前鎮區二聖一路98號
2387,翰林中醫診所,高雄市前金區中華三路179號1樓
2388,誠德中醫診所,高雄市三民區自立一路305、305之1號1樓
2389,得心中醫診所,高雄市彌陀區中正路93號
2390,禾豐中醫診所,高雄市鳳山區鳳松路300號
2391,行樂親子中醫診所,高雄市鼓山區華榮路432號
2392,惠德中醫診所,高雄市左營區華夏路220號
2393,康和中醫診所,高雄市新興區五福一路128號1樓
2394,趙望吉中醫診所,高雄市三民區九如一路913號
2395,陽明中醫診所,高雄市三民區覺民路586號
2396,張倩華中醫診所,高雄市新興區林森一路111號1樓
2397,天主教聖功醫院,高雄市苓雅區建國一路352號
2398,一生堂中醫診所,高雄市苓雅區光華一路33號1樓
2399,普笙中醫診所,高雄市苓雅區廣州一街121號1樓
2400,鼻安中醫診所,高雄市三民區民族一路7號1樓
2401,劉楠賢中醫診所,高雄市三民區正興路89號
2402,右東中醫診所,高雄市前鎮區一心一路243-2號
2403,進安中醫診所,高雄市三民區熱河一街351號
2404,元氣中醫診所,高雄市鼓山區裕誠路1509之6號
2405,明道中醫診所,高雄市鼓山區美術館路79號
2406,三民承德中醫診所,高雄市三民區大豐二路288號1樓
2407,泓民中醫診所,高雄市岡山區仁壽路36號
2408,福康中醫診所,高雄市小港區沿海一路347號1、2樓
2409,瑞安中醫診所,高雄市三民區陽明路392號1樓
2410,福悅中醫診所,高雄市新興區七賢一路398號
2411,新恩中醫診所,高雄市鳳山區鎮南街70號
2412,新世紀中醫診所,高雄市三民區河堤路592號1、2樓
2413,濟安中醫診所,高雄市新興區忠孝一路188號
2414,銘祥中醫診所,高雄市三民區立忠路2之1號
2415,莊敬中醫診所,高雄市三民區莊敬路11號
2416,漢芳中醫診所,高雄市三民區建工路481號
2417,博雄中醫診所,高雄市三民區博愛一路33號
2418,福濟中醫診所,高雄市前鎮區翠亨北路271號
2419,有德中醫診所,高雄市苓雅區建國一路89號
2420,衫宥中醫診所,高雄市三民區建工路393號1、2樓
2421,調明中醫診所,高雄市苓雅區三多二路263、265號1、2樓
2422,大成中醫診所,高雄市苓雅區正言路76號
2423,福祐中醫診所,高雄市前鎮區二聖二路301號
2424,泓德中醫診所,高雄市前鎮區和平二路284號1樓
2425,衛生福利部旗山醫院中醫科,高雄市旗山區中學路60號
2426,高雄榮民總醫院傳統醫學科,高雄市左營區大中一路386號
2427,高雄市立中醫醫院,高雄市苓雅區凱旋二路132號1至3樓
2428,高雄市立岡山醫院,高雄市岡山區壽天路12號
2429,高雄醫學大學附設醫院中醫部,高雄市三民區十全一路100號
2430,高雄市立旗津醫院中醫科,高雄市旗津區旗港路33號
2431,博田國際醫院中醫科,高雄市左營區博愛二路100號
2432,中仁內婦科中醫診所,高雄市鹽埕區大仁路127號
2433,黃志忠中醫診所,高雄市鼓山區麗雄街49號
2434,文騫中醫診所,高雄市鼓山區西藏街320號
2435,頂立中醫診所,高雄市鼓山區鼓山三路51巷31弄15號
2436,百祐中醫聯合診所,高雄市左營區左營大路14之2號
2437,健誠中醫診所,高雄市左營區部後街34號
2438,展佳中醫診所,高雄市左營區元帝路76號1樓
2439,恆德堂中醫診所,高雄市左營區富民路338之5號
2440,安和中醫診所,高雄市左營區自由三路343號1-2樓
2441,活水中醫診所,高雄市左營區富民路159號
2442,精進中醫診所,高雄市楠梓區德民路222號
2443,漢唐中醫診所,高雄市楠梓區德祥路189號
2444,泰安內外科中醫診所,高雄市三民區建國二路156號
2445,育生中醫診所,高雄市三民區昌裕街174號
2446,楊濟鴻中醫診所,高雄市三民區北平二街29號
2447,蕭穎士中醫診所,高雄市三民區九如一路72號
2448,港泰中醫診所,高雄市三民區博愛一路100號
2449,永安中醫診所,高雄市三民區瀋陽街109號
2450,天惠中醫診所,高雄市三民區天祥一路199號
2451,張瑞璋中醫診所,高雄市三民區自由一路91號
2452,國源堂中醫診所,高雄市三民區建國二路170、172號
2453,林吉原中醫診所,高雄市三民區明仁路18號1、2樓
2454,鼎金中醫診所,高雄市三民區大豐二路160號1樓
2455,劉如鎮中醫診所,高雄市三民區康德街50號
2456,濟世中醫診所,高雄市三民區覺民路39號
2457,澄清中醫診所,高雄市三民區澄平街218號
2458,育森中醫診所,高雄市三民區鼎中路213號
2459,佳德中醫診所,高雄市新興區復興一路97號
2460,詠豐中醫診所,高雄市新興區自立一路24號
2461,大德中醫診所,高雄市新興區六合一路96巷6號1樓
2462,永康中醫診所,高雄市新興區復興一路119號
2463,再生好中醫診所,高雄市新興區自立一路34號
2464,慶元內科中醫診所,高雄市苓雅區大順三路274號
2465,獅甲中醫診所,高雄市苓雅區三多三路214之10號
2466,素琴中醫診所,高雄市苓雅區學源街9號
2467,健原中醫診所,高雄市苓雅區忠孝二路8號
2468,立群中醫診所,高雄市苓雅區五權街248號
2469,大歡中醫診所,高雄市苓雅區四維一路280號
2470,博愛中醫診所,高雄市苓雅區建國一路147號
2471,蔡志君中醫診所,高雄市苓雅區林森二路11之2號
2472,奇詮中醫診所,高雄市苓雅區福德三路220號
2473,成功濟世中醫診所,高雄市苓雅區青年二路149號
2474,宏安中醫診所,高雄市前鎮區鎮興路101號
2475,全慶中醫診所,高雄市前鎮區瑞隆路548號1、2樓
2476,正心中醫診所,高雄市前鎮區忠誠路217、219號
2477,大盛中醫診所,高雄市前鎮區永豐路216號
2478,安慶中醫診所,高雄市前鎮區凱旋四路338號
2479,醫心館中醫診所,高雄市前鎮區一心一路370號
2480,德生中醫診所,高雄市前鎮區中平路278號1樓
2481,濟仁中醫診所,高雄市前鎮區瑞福路141號
2482,民權中醫診所,高雄市前鎮區民權二路416號1樓
2483,陳建霖中醫診所,高雄市前鎮區三多三路143號
2484,慈惠中醫診所,高雄市旗津區中州巷40號
2485,鳳中中醫診所,高雄市小港區二苓路222號
2486,盧家中醫診所,高雄市鳳山區鳳南路167號1樓
2487,鳳山濟世中醫診所,高雄市鳳山區中山東路72號
2488,仁一中醫診所,高雄市鳳山區文德街31號1樓
2489,湞宸中醫診所,高雄市鳳山區瑞隆東路256號1樓
2490,乙元中醫診所,高雄市鳳山區建國路二段59之1號
2491,文龍中醫診所,高雄市鳳山區文龍東路160號
2492,鳳城中醫診所,高雄市鳳山區勝利路53號
2493,德佐中醫診所,高雄市鳳山區文龍東路276號
2494,惠仁堂中醫診所,高雄市旗山區復新街11號
2495,仁美中醫診所,高雄市仁武區中正路138號
2496,乙茆中醫診所,高雄市仁武區仁和街12號1樓
2497,一心堂中醫診所,高雄市橋頭區橋頭里新興路23號
2498,佳原中醫診所,高雄市茄萣區仁愛路二段86號
2499,保安堂中醫診所,高雄市梓官區梓官路城隍巷22號
2500,甘恩中醫診所,高雄市梓官區中正路100號
2501,元生華榮中醫診所,高雄市鼓山區華榮路214號
2502,華藏中醫診所,高雄市鼓山區九如四路758號
2503,福得中醫診所,高雄市鼓山區明華路333號
2504,詠心中醫診所,高雄市鼓山區華榮路291、293號1樓
2505,裕順中醫診所,高雄市鼓山區美術東二路106號
2506,慈恩中醫診所,高雄市鼓山區九如四路1470號
2507,保生中醫診所,高雄市左營區自由四路147號1樓
2508,昶陞中醫診所,高雄市左營區孟子路419號1樓
2509,爵安堂中醫診所,高雄市左營區立大路133號
2510,青松堂中醫診所,高雄市左營區華夏路765號
2511,宏福中醫診所,高雄市左營區自由四路1、3號1、2樓
2512,榮景中醫診所,高雄市左營區榮成一街17號
2513,高鐵中醫診所,高雄市左營區華夏路1108號
2514,元真中醫診所,高雄市左營區光興街235號
2515,德滿堂中醫診所,高雄市左營區重愛路356號1樓
2516,謝育霖中醫診所,高雄市左營區至聖路171號
2517,六必居中醫診所,高雄市左營區文學路255、257號1樓
2518,正大左營中醫診所,高雄市左營區富國路41號1、2樓
2519,嘉安中醫診所,高雄市左營區新庄仔路237之1號1樓
2520,韻心中醫診所,高雄市左營區軍校路610號
2521,醫晟中醫診所,高雄市左營區裕誠路266號
2522,天蘊中醫診所,高雄市左營區文自路226號1樓
2523,仁德中醫診所,高雄市楠梓區建楠路182號
2524,思恩堂中醫診所,高雄市楠梓區大學南路603號
2525,鼎泰堂中醫診所,高雄市三民區河堤路490號
2526,蕙林中醫診所,高雄市三民區寶興路38號
2527,聖和中醫診所,高雄市三民區建國三路367號1、2樓
2528,鴻生中醫診所,高雄市三民區義德路85號
2529,亨木中醫診所,高雄市三民區山東街94號
2530,宥程中醫診所,高雄市三民區興隆街6號1、2樓
2531,鉑氏美中醫診所,高雄市三民區十全一路215號1樓
2532,五福中醫診所,高雄市新興區五福二路35號1樓
2533,永森中醫診所,高雄市新興區中山一路276號
2534,天恩中醫診所,高雄市新興區青年一路138號
2535,凱璿中醫診所,高雄市新興區民生一路330號
2536,民馨中醫診所,高雄市新興區中正三路5號
2537,合佗中醫診所,高雄市新興區六合路85號
2538,國醫堂中醫診所,高雄市新興區青年一路452、454號1樓
2539,仁馨中醫診所,高雄市苓雅區英明路118之1、120號1樓
2540,太壹中醫診所,高雄市苓雅區興中一路46號
2541,正義中醫診所,高雄市苓雅區正義路149號
2542,博安中醫診所,高雄市苓雅區福德二路12號
2543,家康中醫診所,高雄市苓雅區福安路15號1樓
2544,杉合中醫診所,高雄市苓雅區中正二路20號
2545,高雄漢唐中醫診所,高雄市苓雅區中山二路410號8樓
2546,默默中醫診所,高雄市苓雅區三多二路157號
2547,金湛中醫診所,高雄市前鎮區黃埔街28號
2548,心路中醫診所,高雄市前鎮區一心二路86號
2549,杏安中醫診所,高雄市小港區宏平路347號
2550,牧水中醫診所,高雄市小港區山明路166、168號1樓
2551,小港濟世中醫診所,高雄市小港區沿海一路49號
2552,宏霖中醫診所,高雄市三民區陽明路72號
2553,康喬中醫診所,高雄市楠梓區德民路999之7號
2554,進祥中醫診所,高雄市左營區華夏路213號
2555,祐祥中醫診所,高雄市楠梓區右昌街718號1樓
2556,義大醫療財團法人義大癌治療醫院,高雄市燕巢區義大路21號
2557,五乙中醫診所,高雄市楠梓區興楠路17號
2558,祥霖中醫診所,高雄市三民區聯興路125號
2559,濟民中醫診所,高雄市新興區中山一路61號
