溪湖大發店#04-8851667,彰化縣溪湖鎮大發路73號
彰化溪湖店#04-8817134,彰化縣溪湖鎮光平里大溪路二段404號
溪湖金發店#04-8819269,彰化縣溪湖鎮西里二溪路一段369號
溪湖大竹店#04-8816507,彰化縣溪湖鎮西環路243號
溪湖再發店#04-8817290,彰化縣溪湖鎮崙子腳路122號
大村美港店#04-8526080,彰化縣大村鄉美港路51號
田中金斗店#04-8748349,彰化縣田中鎮斗中路一段232號
田中雙田店#04-8744418,彰化縣田中鎮民族街2號
田中新生店#04-8748424,彰化縣田中鎮員集路二段566號
埤頭金農店#04-8924389,彰化縣埤頭鄉彰水路三段265號
彰化珍埔店#04-7114881,彰化縣彰化市大埔路406號
彰化大通店#04-7511811,彰化縣彰化市中山路一段117之3號1樓
彰化漢銘店#04-7138069,彰化縣彰化市中山路一段366號
彰化新秀傳店#04-7269757,彰化縣彰化市中山路一段542號
彰化車頭店#04-7263943,彰化縣彰化市中正路一段559號
彰化建台店#04-7113410,彰化縣彰化市中興路103-8號
彰化建國店#04-7112631,彰化縣彰化市介壽北路1號(美育館1樓)
彰化再安店#04-7114746,彰化縣彰化市介壽南路16＆18號
彰化八卦山店#04-7270402,彰化縣彰化市公園路一段46號
彰化天祥店#04-7637099,彰化縣彰化市天祥路2號
彰化再旺店#04-7284611,彰化縣彰化市民族路443號
彰化自強店#04-7278997,彰化縣彰化市自強南路61號
彰化林森店#04-7638790,彰化縣彰化市林森路197號
彰化再興店#04-7201278,彰化縣彰化市南郭路一段191巷16號
彰化金平店#04-7616972,彰化縣彰化市崙平北路108號
彰化新彰基店#04-7287141,彰化縣彰化市博愛街101號
彰化師大店#04-7202436,彰化縣彰化市進德路4號
彰化香山店#04-7384385,彰化縣彰化市彰南路二段352號
彰化彰南店#04-7374666,彰化縣彰化市彰南路三段304號
彰化金馬店#04-7624805,彰化縣彰化市彰馬路246之1號
彰化線東店#04-7635121,彰化縣彰化市線東路一段567號
二林斗苑店#04-8955612,彰化縣二林鎮斗苑路四段299號
花壇金花店#04-7860631,彰化縣花壇鄉中正路356號
鹿港天后店#04-7754523,彰化縣鹿港鎮後寮巷92號
鹿港受益店#04-7840880,彰化縣鹿港鎮頂厝里鹿東路150號1樓
鹿港金寶店#04-7720101,彰化縣鹿港鎮鹿和路四段10號
鹿港鹿鼎店#04-7712161,彰化縣鹿港鎮鹿草路四段409號
福興福利店#04-7697552,彰化縣福興鄉萬豐村彰水路50~52號1樓
和美頂美店#04-7350643,彰化縣和美鎮美寮路二段2號
和美德美店#04-7556549,彰化縣和美鎮美寮路二段557號
和美三美店#04-7550078,彰化縣和美鎮道周路91號
和美家美店#04-7636905,彰化縣和美鎮嘉佃路8號
和美永美店#04-7359141,彰化縣和美鎮彰新路二段163號
和美雙美店#04-7366041,彰化縣和美鎮糖東一街21號
伸港上旺店#04-7987095,彰化縣伸港鄉中興路二段317號
伸港全興店#04-7986433,彰化縣伸港鄉興工路742號
員林大仁店#04-8392979,彰化縣員林鎮大同路二段179號
員林員山店#04-8356552,彰化縣員林鎮山腳路三段321號
員林僑信店#04-8396842,彰化縣員林鎮中山路二段281號1樓
員林育英店#04-8319518,彰化縣員林鎮育英路131號
員林車頭店#04-8396162,彰化縣員林鎮南平里靜修路52之1號
員林金萬年店#04-8333271,彰化縣員林鎮萬年巷51之10號
員林學友店#04-8371411,彰化縣員林鎮靜修路74-12號
西螺吳厝店#05-5878069,雲林縣西螺鎮吳厝里吳厝56號
西螺延平店#05-5873047,雲林縣西螺鎮延平路191號
西螺青果店#05-5879480,雲林縣西螺鎮新安里新興路500號
北港天后店#05-7837465,雲林縣北港鎮中山路90號
北港豐順店#05-7839941,雲林縣北港鎮公園路73號
北港財神店#05-7821172,雲林縣北港鎮文仁路143號
北港華勝店#05-7825091,雲林縣北港鎮華勝路416號1樓
斗南西岐店#05-5953351,雲林縣斗南鎮中山路151之16號
斗南陽光店#05-5971127,雲林縣斗南鎮中正路273號
斗南光華店#05-5953576,雲林縣斗南鎮光華路96號
虎尾霹靂店#05-6223248,雲林縣虎尾鎮中興路83號
虎尾虎科店#05-6322206,雲林縣虎尾鎮民主路58-3號
虎尾雙民店#05-6329753,雲林縣虎尾鎮民權路2號
虎尾工專店#05-6364272,雲林縣虎尾鎮立德路2號
虎尾平和店#05-6324174,雲林縣虎尾鎮光復路126號
虎尾福興店#05-6362041,雲林縣虎尾鎮光復路348號
虎尾五福店#05-6362156,雲林縣虎尾鎮林森路一段398號
虎尾文科店#05-6331799,雲林縣虎尾鎮建國里文科路1151號
虎尾立人店#05-6325725,雲林縣虎尾鎮復興路177號
虎尾興南店#05-6328374,雲林縣虎尾鎮興南里158之12號
雲林崙豐店#05-6902447,雲林縣台西鄉永豐村崙豐路108號1樓
麥寮六輕店#05-6812640,雲林縣麥寮鄉台塑工業園區1號
麥寮和順店#05-6939601,雲林縣麥寮鄉表福路2號
麥寮豐安店#05-6939758,雲林縣麥寮鄉後安村129之17號1樓
麥寮德順店#05-6914811,雲林縣麥寮鄉施厝路230號
麥寮橋頭店#05-6911471,雲林縣麥寮鄉橋頭路327號
斗六榮大店#05-5360113,雲林縣斗六市大學路一段402號1樓
斗六科大店#05-5377653,雲林縣斗六市中山路595號
斗六新中華店#05-5335022,雲林縣斗六市中華路100號
斗六中興店#05-5570921,雲林縣斗六市中興路15號
斗六內環店#05-5337016,雲林縣斗六市文化路93號
斗六四維店#05-5350953,雲林縣斗六市四維路132號
斗六莊敬店#05-5338296,雲林縣斗六市成功路280號
斗六竹圍店#05-5515203,雲林縣斗六市竹圍路51號
斗六明德店#05-5339978,雲林縣斗六市明德路103號
斗六鎮西店#05-5331461,雲林縣斗六市雲林路二段273號1樓
斗六龍潭店#05-5336820,雲林縣斗六市龍潭北路2號1樓?
斗六鎮北店#05-5331047,雲林縣斗六市鎮北路152號1樓
七堵工建店#02-24527145,基隆市七堵區工建路4號
七堵永富店#02-24558170,基隆市七堵區永富路120號
七堵新明德店#02-24517467,基隆市七堵區明德二路15之53號
七堵大興店#02-24560059,基隆市七堵區南興路30號
七堵大華店#02-24563412,基隆市七堵區南興路85號
基隆百福店#02-24529098,基隆市七堵區福二街204號
竹山金竹店#049-2652785,南投縣竹山鎮竹山路1之6之2號
竹山金溪店#049-2653787,南投縣竹山鎮東鄉路5之73號1樓
竹山上道店#049-2624269,南投縣竹山鎮集山路二段409號1樓
竹山新秀傳店#049-2624621,南投縣竹山鎮集山路二段75號
竹山延和店#049-2630859,南投縣竹山鎮集山路三段542號
南投中興店#049-2391847,南投縣南投市中興路268之1號
南投金袋店#049-2246829,南投縣南投市育樂路99號1樓
南投南崗店#049-2202035,南投縣南投市南崗二路403號一樓
南投車站店#049-2242638,南投縣南投市復興路121號
南投康金店#049-2247360,南投縣南投市復興路342號
南投金秋店#049-22015049,南投縣南投市彰南路二段33號
南投永順店#049-2246582,南投縣南投市彰南路二段360號1樓
南投永裕店#049-2208750,南投縣南投市彰南路二段571號
南投新村店#049-2339180,南投縣南投市營北里中正路330之6號一樓
草屯雙冬店#049-2572861,南投縣草屯鎮中正路43之43號
草屯南開店#049-2568946,南投縣草屯鎮中正路568號
草屯中正店#049-2304751,南投縣草屯鎮中正路836號
草屯金安全店#049-2565781,南投縣草屯鎮中和路100號
草屯敦和店#049-2313291,南投縣草屯鎮仁愛街89號
草屯佑民店#049-2392916,南投縣草屯鎮正興街78號
草屯八寶店#049-2311985,南投縣草屯鎮虎山路764號
草屯金安店#049-2569945,南投縣草屯鎮御富路218號
草屯金昌店#049-2560184,南投縣草屯鎮富林路一段320號
埔里愛埔店#049-2917636,南投縣埔里鎮中山路四段87號
埔里東興店#049-2424611,南投縣埔里鎮中正路188號
埔里東榮店#049-2994966,南投縣埔里鎮中正路376號
埔里車站店#049-2904393,南投縣埔里鎮仁愛路168號
埔里埔大店#049-2906026,南投縣埔里鎮民生路146號
埔里八德店#049-2992583,南投縣埔里鎮西安路一段269號
埔里牛埔店#049-2932897,南投縣埔里鎮西安路二段90號
埔里高工店#049-2999423,南投縣埔里鎮和平東路431號
埔里金牛店#049-2915827,南投縣埔里鎮桃米路23號之7
埔里九龍店#049-2996297,南投縣埔里鎮隆生路71號
埔里鐵山店#049-2916873,南投縣埔里鎮鐵山路9號,9-1號
仁愛高山青店#049-2803863,南投縣仁愛鄉信義巷34之6號
仁愛廬山店#049-2803303,南投縣仁愛鄉榮華巷23號
基隆大慶店#02-24374852,基隆市中山區中和路168巷5弄17號1樓
基隆囍市店#02-24370415,基隆市中山區中和路85巷14號
基隆樂華店#02-24285782,基隆市中山區西定路467號
基隆華復店#02-24282937,基隆市中山區通化里中華路2號
基隆復興店#02-24371342,基隆市中山區復興路142號
基隆全興店#02-24374595,基隆市中山區復興路259巷61號
基隆經國店#02-24374320,基隆市中山區復興路346號
嘉義德慶店#05-2319477,嘉義市西區中興路319之3號1樓
嘉義億高店#05-2855850,嘉義市西區仁愛路181號
嘉義玉山店#05-2842603,嘉義市西區世賢路二段468號
嘉義世賢店#05-2858840,嘉義市西區世賢路四段187號
嘉義北園店#05-2382806,嘉義市西區北社尾路31號
嘉義光路店#05-2843075,嘉義市西區民生南路528號1樓
嘉義湖瑞店#05-2841584,嘉義市西區民生南路589號
嘉義憶富店#05-2229931,嘉義市西區民權路396號
嘉義自強店#05-2863047,嘉義市西區自強街86號
嘉義南京店#05-2838475,嘉義市西區車店里南京路423.427號
嘉義國楊店#05-2165585,嘉義市西區垂楊路434號
嘉義向榮店#05-2319535,嘉義市西區國華街519號1樓
嘉義北興店#05-2910576,嘉義市西區博愛路二段2號
嘉義興雅店#05-2910040,嘉義市西區興雅路72號
嘉義興達店#05-2319795,嘉義市西區興達路318號
嘉義蘭潭店#05-2787297,嘉義市東區小雅路341號
嘉義東雅店#05-2763383,嘉義市東區文雅街41號
嘉義台林店#05-2756775,嘉義市東區台林街261號
嘉義噴水店#05-2229480,嘉義市東區光華路145號
嘉義忠孝店#05-2203709,嘉義市東區忠孝路790-1號
嘉義東義店#05-2784261,嘉義市東區東義路2號
嘉義芳草店#05-2235698,嘉義市東區芳草里立仁路8號1樓
嘉義保健店#05-2778270,嘉義市東區保健街147號
嘉義宣信店#05-2292039,嘉義市東區宣信街248號
嘉義博東店#05-2788717,嘉義市東區博東路183號
嘉義日新店#05-2788326,嘉義市東區彌陀路238巷69號
基隆海大三店#02-24634022,基隆市中正區北寧路2號
基隆和一店#02-24636340,基隆市中正區和一路106號
基隆忠義店#02-24285951,基隆市中正區信二路290之1號1樓
基隆祥豐店#02-24636245,基隆市中正區祥豐街847號
基隆新豐店#02-24692356,基隆市中正區新豐街363號
基隆義二店#02-24254496,基隆市中正區義二路28號
基隆觀海店#02-24606545,基隆市中正區觀海街136號
仁德仁義店#06-2492442,台南市仁德區中山路426號
仁德南紡店#06-2491472,台南市仁德區中正路二段801號
仁德華醫店#06-3354770,台南市仁德區文華一街118號1樓
仁德鼎安店#06-2495741,台南市仁德區德安路1號
仁德德洋店#06-2692842,台南市仁德區德洋路248號
麻豆真理店#06-5704715,台南市麻豆區港尾里客子寮113號
麻豆興中店#06-,台南市麻豆區興中路228號
麻豆黎明店#06-5711104,台南市麻豆區興國路46號
佳里光復店#06-7237050,台南市佳里區安西里光復路327號
佳里佳中店#06-7223540,台南市佳里區佳里新生路432號
佳里佳興店#06-7266943,台南市佳里區佳里興441之1號
佳里延平店#06-7227976,台南市佳里區忠孝東路91號
佳里勝利店#06-7237571,台南市佳里區勝利路41號
佳里新生店#06-7216698,台南市佳里區新生路108號
西港港明店#06-7957204,台南市西港區慶安路229號
學甲安得富店#06-7839207,台南市學甲區華宗路328號
新營新興店#06-6326860,台南市新營區中正路39之9號
新營中興店#06-6334689,台南市新營區中興路32號
新營民興店#06-6592241,台南市新營區民治路122號
新營南新店#06-6591421,台南市新營區民治路177號
新營百亨店#06-6350648,台南市新營區民權路90號
新營和平店#06-6325617,台南市新營區和平路46號
新營東興店#06-6372731,台南市新營區東興路188號
新營南紙店#06-6595340,台南市新營區建業路317號
新營帝寶店#06-6523925,台南市新營區復興路867號1樓
新營裕民店#06-6326426,台南市新營區裕民路1號
台南赤崁店#06-2216207,台南市中西區民族路二段257號
台南永樂店#06-2410047,台南市中西區民族路三段32號
台南和善店#06-2802166,台南市中西區和善街69號
台南康樂三店#06-2224451,台南市中西區府前路二段178號
台南忠義店#06-2143579,台南市中西區忠義路一段56號
台南康樂一店#06-2255075,台南市中西區康樂街135號
台南康樂二店#06-2213463,台南市中西區康樂街150號1樓
台南湖美店#06-2806049,台南市中西區湖美街72號
六甲民生店#06-6989192,台南市六甲區民生街21號
柳營乳香店#06-6226741,台南市柳營區中山西路二段189號
柳營敏惠店#06-6224748,台南市柳營區中山東路二段1116號
柳營果毅店#06-6234685,台南市柳營區果毅後路284號
鹽水朝琴店#06-6526857,台南市鹽水區朝琴路140號
鹽水清泉店#06-6528354,台南市鹽水區朝琴路65號
善化光文店#06-5854481,台南市善化區中山路99號
善化正國店#06-5853799,台南市善化區中正路160號
善化成功店#06-5833907,台南市善化區成功路3巷1號
善化住華店#06-5055430,台南市善化區環東路二段32號
新市丹海店#06-5892640,台南市新市區中正路239號
新市華興店#06-5891477,台南市新市區中正路252號1樓
新市南茂店#06-5051051,台南市新市區南科七路5號(不開放非廠區員工取貨)
新市彩晶店#06-5055294,台南市新市區南科二路35號1樓
新市車站店#06-5890641,台南市新市區新和里中山路272號
安定保安店#06-5976267,台南市安定區保西村安定339之3號
安定海寮店#06-5933959,台南市安定區海寮10-2號
安定港口店#06-5939547,台南市安定區港口244之28號
安定新吉店#06-5936344,台南市安定區新吉路61號
台南財神店#06-2757779,台南市東區中華東路二段50號
台南義統店#06-3350475,台南市東區仁和路105之1號
台南仁和店#06-2909342,台南市東區仁和路139巷11之5號
台南一中店#06-2087710,台南市東區民族路一段1號
台南東平店#06-2002921,台南市東區光明街217號
台南新博店#06-2094958,台南市東區育樂街170號1樓
台南東成店#06-2897438,台南市東區東成街185巷99號1樓
台南東文店#06-2603556,台南市東區東門路三段168號
台南府城店#06-3366424,台南市東區東門路三段293號
台南林森店#06-2376800,台南市東區林森路二段188號
台南榮寶店#06-2363772,台南市東區長榮路一段236號1樓
台南崇善店#06-2600746,台南市東區崇善路688號
台南東德店#06-2908347,台南市東區崇德路128號
台南崇義店#06-2893741,台南市東區崇德路529號1樓?
台南崇德店#06-2673558,台南市東區崇德路737號
台南德光店#06-2671067,台南市東區崇學路18號
台南富農一店#06-3359083,台南市東區富農街二段3號1樓
台南新富裕店#06-2753523,台南市東區裕農路657號
台南長東店#06-2672848,台南市東區德東街87號
台南華興店#06-2921082,台南市南區中華南路二段110號
台南明興店#06-2965235,台南市南區明興路75號1樓
台南新華店#06-2641797,台南市南區新孝路76號1樓
台南新建店#06-2618630,台南市南區新建路47號
台南新夏店#06-2615535,台南市南區新興路151號
台南新興店#06-2637972,台南市南區新興路531號
台南灣裡店#06-2960741,台南市南區灣裡路407號
台南大豐店#06-2507706,台南市北區中華北路一段80號1樓
台南公園店#06-2246780,台南市北區公園北路131號
台南北成店#06-2826541,台南市北區北成路39號
台南國宅店#06-2521509,台南市北區北門路二段545號
台南新北門店#06-2222025,台南市北區北門路二段71號
台南北園店#06-2344469,台南市北區北園街20號
台南忠成店#06-2211656,台南市北區成功路118號
台南長成店#06-2255085,台南市北區成功路212號
台南臨安店#06-2508275,台南市北區成功路586號1樓
台南育德店#06-2512062,台南市北區育德路433號
台南和順店#06-2254767,台南市北區和順里公園南路360號1樓
台南花園店#06-2518647,台南市北區和緯路二段229號1＆2樓
台南和緯店#06-2507078,台南市北區和緯路三段333號
台南南園店#06-2389353,台南市北區南園街102號
台南康華店#06-2972731,台南市安平區永華路二段815號
台南安平店#06-2285848,台南市安平區安平路788號1樓
台南慶平店#06-2930685,台南市安平區建平里慶平路80號
台南康裕店#06-2931235,台南市安平區健康三街209號
台南建平店#06-2992938,台南市安平區健康路三段10號
台南國平店#06-2939137,台南市安平區國平路599之1號1樓
台南安慶店#06-2474770,台南市安南區大安街728號
台南安北店#06-2564100,台南市安南區北安路二段660號
台南安中店#06-2478562,台南市安南區安中路一段699巷1號
台南興德店#06-2457612,台南市安南區安中路四段238號
台南文安店#06-2827508,台南市安南區安和路一段73號
台南安順店#06-3564715,台南市安南區安和路二段166號
台南安和店#06-3564701,台南市安南區安和路五段230號
台南長溪店#06-2475035,台南市安南區長溪路三段376號
台南土城店#06-2570385,台南市安南區城西街一段64號
台南安南店#06-3584103,台南市安南區海佃路一段160號
台南安田店#06-3505880,台南市安南區海佃路一段345巷5號
台南本原店#06-2478758,台南市安南區淵東里本原街255號
永康華橋店#06-2317322,台南市永康區大橋三街86號
永康大灣店#06-2059661,台南市永康區大灣路213號
永康大華店#06-2715086,台南市永康區大灣路319號
永康三合店#06-3020911,台南市永康區中山東路107號
永康五王店#06-3020810,台南市永康區中山東路220號
永康東橋店#06-3027880,台南市永康區中山南路237號
永康新科店#06-2436091,台南市永康區中正七街27號
永康正強店#06-2010980,台南市永康區中正路232號
永康福樂店#06-2039583,台南市永康區中華二路270號
永康長億店#06-2042366,台南市永康區中華西街170號
永康五福店#06-3026970,台南市永康區中華路508號
永康文化店#06-2339352,台南市永康區文化路118號
永康正南店#06-2430125,台南市永康區正南一街157號
永康永華店#06-3013225,台南市永康區永大路二段1266號
永康永興店#06-2052514,台南市永康區永大路二段820號
永康自強店#06-2023702,台南市永康區自強路728號1樓
永康龍橋店#06-2029670,台南市永康區自強路830號
永康忠孝店#06-3134320,台南市永康區忠孝路78及80號
永康南台店#06-2422507,台南市永康區南台街22號
永康勝學店#06-3139334,台南市永康區勝學路240號
永康永慶店#06-2029417,台南市永康區復國一路344號
永康復華店#06-2036243,台南市永康區復國一路477號1樓
永康永勝店#06-2017269,台南市永康區復華七街119號
永康榮醫店#06-3139496,台南市永康區復興路405號
永康永安店#06-2434833,台南市永康區鹽行村永安路113號之7
新化信義店#06-5984474,台南市新化區正新路191號
新化那拔店#06-5912967,台南市新化區那拔林23號
新化正新店#06-5985378,台南市新化區忠孝路158號
歸仁文仁店#06-3307920,台南市歸仁區民族北街85號
歸仁文化店#06-2398873,台南市歸仁區民權北路151號
基隆廟口店#02-24289166,基隆市仁愛區仁三路33號
基隆博愛店#02-24254737,基隆市仁愛區仁四路40號
基隆仁四店#02-24265932,基隆市仁愛區仁四路52號
基隆新站前店#02-24273646,基隆市仁愛區忠一路19號
基隆忠二店#02-24285581,基隆市仁愛區忠二路30號
基隆精一店#02-24249183,基隆市仁愛區精一路41號
高雄機場店#07-8068559,高雄市小港區中山四路2號1樓
高雄沿海店#07-8070902,高雄市小港區沿海一路397之5號
高雄松頂店#07-8068753,高雄市小港區高松路72號
高雄鳳安店#07-7933745,高雄市小港區高鳳路459號
高雄崇明店#07-8314833,高雄市小港區崇明街160號
高雄中安店#07-7932921,高雄市小港區廈莊一街168號
高雄漢苓店#07-8023983,高雄市小港區漢民路169號
高雄漢中店#07-8068192,高雄市小港區漢民路326號
高雄漢民店#07-8032604,高雄市小港區漢民路501號1樓
高雄宏光店#07-8067310,高雄市小港區漢民路786號
高雄鋼平店#07-8311314,高雄市小港區鋼平街134號
高雄左大店#07-5882327,高雄市左營區左營大路248號
高雄海功店#07-5871428,高雄市左營區左營大路691號
高雄光興店#07-5565991,高雄市左營區光興街60號
高雄孟立店#07-3500492,高雄市左營區孟子路109號
高雄孟子店#07-3105707,高雄市左營區孟子路515號
高雄果豐店#07-5888743,高雄市左營區果峰街12巷42號
高雄後昌店#07-3654640,高雄市左營區後昌路733號
高雄重愛店#07-3462436,高雄市左營區重愛路208號
高雄富國店#07-5590732,高雄市左營區富國路48號
高雄曾子店#07-3454627,高雄市左營區曾子路398號
高雄華夏店#07-3454328,高雄市左營區華夏路1168號
高雄華山店#07-3418769,高雄市左營區華夏路1761號1樓
高雄華新店#07-5528359,高雄市左營區華夏路328號
高雄新庄店#07-5565745,高雄市左營區新庄仔路700號
高雄裕心店#07-5565292,高雄市左營區裕誠路463號
高雄佑德店#07-3420711,高雄市左營區榮佑路67號
仁武後港店#07-3749463,高雄市仁武區八德西路433號
仁武仁興店#07-3740970,高雄市仁武區中正路176號
仁武澄合店#07-3740898,高雄市仁武區仁和村仁雄路35號
仁武大灣店#07-3735879,高雄市仁武區赤山村仁雄路92-3號
仁武仁龍店#07-3720423,高雄市仁武區烏林村仁林路190號
仁武仁德店#07-3732142,高雄市仁武區路仁德巷68號
仁武鳳仁店#07-3741130,高雄市仁武區鳳仁路45號
仁武澄觀店#07-3724926,高雄市仁武區澄觀路一段1111號
岡山忠誠店#07-6217220,高雄市岡山區成功路97號1樓
岡山平和店#07-6214732,高雄市岡山區岡山路277之1號
岡山岡燕店#07-6228970,高雄市岡山區岡燕路289號
岡山大峰店#07-6251951,高雄市岡山區前峰路124號
岡山柳橋店#07-6259480,高雄市岡山區柳橋西路一段27號
岡山嘉興店#07-6211081,高雄市岡山區嘉興路374之10號
路竹竹西店#07-6074977,高雄市路竹區中山路647號
路竹中興店#07-6962607,高雄市路竹區中興路150之4號
路竹樹人店#07-6074623,高雄市路竹區甲南里環球路452號
燕巢師大店#07-6051019,高雄市燕巢區深中路62號(餐廳)
燕巢義大店#07-6152029,高雄市燕巢區義大路8號
橋頭糖廠店#07-6118547,高雄市橋頭區糖廠路2之1號1樓
梓官赤崁店#07-6102535,高雄市梓官區赤崁東路85-1號
梓官梓義店#07-6100057,高雄市梓官區進學路25號
高雄尚義店#07-2231461,高雄市新興區中正二路220號1樓
高雄文橫店#07-2820506,高雄市新興區文橫二路166-1號
高雄民族店#07-2231201,高雄市新興區民族二路100號
湖內中華店#07-6994234,高雄市湖內區中華街251號
湖內正億店#07-6936985,高雄市湖內區正義一路210號
湖內東方店#07-6938642,高雄市湖內區東方路110號1樓
鳳山鳳埤店#07-7031187,高雄市鳳山區中山東路292號
鳳山埤頂店#07-7021821,高雄市鳳山區中山東路545號
鳳山中崙店#07-7535784,高雄市鳳山區中崙四路1號
鳳山光華店#07-7901684,高雄市鳳山區五甲一路149號
鳳山鳳爺店#07-7269237,高雄市鳳山區五甲二路99號
鳳山五福店#07-8124935,高雄市鳳山區五福路30號之13號
鳳山天興店#07-8230826,高雄市鳳山區天興街53號
鳳山鳳凌店#07-7425341,高雄市鳳山區立志街166號
鳳山聖王店#07-7191152,高雄市鳳山區光復路一段52號
鳳山興仁店#07-7194539,高雄市鳳山區光華路67號
鳳山自強店#07-8314209,高雄市鳳山區自強二路149號
鳳山文華店#07-7805255,高雄市鳳山區青年路二段171號
鳳山文清店#07-7806264,高雄市鳳山區青年路二段454號
鳳山華興店#07-7260571,高雄市鳳山區南華路171號1樓?
鳳山江南店#07-7151985,高雄市鳳山區南華路97號
鳳山海洋店#07-7666342,高雄市鳳山區海洋一路127~129號
鳳山興昌店#07-,高雄市鳳山區國光路50號
鳳山凱旋店#07-7636049,高雄市鳳山區凱旋路265號
鳳山武營店#07-7671475,高雄市鳳山區凱旋路437號
鳳山善美店#07-7160451,高雄市鳳山區善美里南榮路83號
鳳山新強店#07-7675827,高雄市鳳山區新富路210號
鳳山新富店#07-7668853,高雄市鳳山區新富路398號1樓
鳳山瑞興店#07-7191407,高雄市鳳山區瑞興路120號
鳳山力行店#07-7100523,高雄市鳳山區經武路316號
鳳山鳳東店#07-7823186,高雄市鳳山區鳳東路520號
鳳山老爺店#07-7170515,高雄市鳳山區鳳南路19號
鳳山鳳頂店#07-7922686,高雄市鳳山區鳳頂路181號
鳳山五甲店#07-8313940,高雄市鳳山區錦田路193號
大發開封店#07-7888382,高雄市大寮區大寮路630號
大發輔大店#07-7833608,高雄市大寮區永芳里進學路151號
大發萬翁店#07-7832602,高雄市大寮區永芳路19之3號
林園北園店#07-6463926,高雄市林園區林園北路477號
林園鳳林店#07-6436091,高雄市林園區鳳林路一段92號
鳥松濱湖店#07-7352906,高雄市鳥松區文前路3巷21號之1號
鳥松松埔店#07-7351920,高雄市鳥松區松埔北巷2之23號
鳥松球場店#07-3700993,高雄市鳥松區球場路81號
鳥松學堂店#07-7354155,高雄市鳥松區學堂路84-1號
大樹水興店#07-6526780,高雄市大樹區水寮村中山路174號
大樹義城店#07-6568076,高雄市大樹區學城路一段12號
大樹義大一店#07-6578913,高雄市大樹區學城路一段1號(學生活動中心)
大樹義大二店#07-6577938,高雄市大樹區學城路一段8巷2號B1樓
茄萣白砂崙店#07-6903182,高雄市茄萣區白砂路243號1樓
茄萣賜福店#07-6900860,高雄市茄萣區茄萣路二段121號1樓
高雄中華店#07-2829754,高雄市前金區中華三路21號1樓
高雄三鳳店#07-2419155,高雄市前金區中華三路251號
高雄前金店#07-2614313,高雄市前金區六合二路154號
高雄榮安店#07-2827415,高雄市前金區自強一路60號1樓
高雄河東店#07-2714635,高雄市前金區河東路10號
高雄瑞源店#07-2515497,高雄市前金區瑞源路45號
高雄五福店#07-2290512,高雄市苓雅區五福一路153號
高雄四維店#07-5350492,高雄市苓雅區四維四路5號
高雄輔仁店#07-7522089,高雄市苓雅區正大路79號
高雄正義店#07-7491282,高雄市苓雅區正義路144號
高雄光華店#07-7513933,高雄市苓雅區光華二路404號
高雄永昌店#07-3329586,高雄市苓雅區成功一路168之2號
高雄碼頭店#07-2695101,高雄市苓雅區成功二路144號
高雄東強店#07-3380646,高雄市苓雅區自強三路22及24號自強3路20巷1號
高雄師大店#07-7275931,高雄市苓雅區和平一路116號(蘭苑樓)
高雄實踐店#07-2265917,高雄市苓雅區和平一路130號
高雄林泉店#07-7165267,高雄市苓雅區林泉街40號
高雄華堂店#07-3348138,高雄市苓雅區林森二路7號
高雄武仁店#07-7238451,高雄市苓雅區武仁街95號1樓
高雄武廟店#07-7233894,高雄市苓雅區武廟路109號
高雄心誠店#07-7174801,高雄市苓雅區武廟路48號1樓
高雄苓州店#07-2696171,高雄市苓雅區城北里自強三路47號
高雄市府店#07-5367610,高雄市苓雅區苓雅一路195號
高雄豐強店#07-3384961,高雄市苓雅區苓雅二路108號
高雄星光店#07-3330514,高雄市苓雅區新光路26號
高雄福山店#07-7225460,高雄市苓雅區福德三路226號
高雄大義店#07-5511465,高雄市鹽埕區五福四路94號
高雄國泰店#07-5315985,高雄市鼓山區九如四路687號
高雄蘭園店#07-5522732,高雄市鼓山區大順一路1025號
高雄明倫店#07-5547129,高雄市鼓山區明倫路148號
高雄明華店#07-5540722,高雄市鼓山區明華路303號
高雄南屏店#07-5536031,高雄市鼓山區南屏路536號
高雄美明店#07-5537553,高雄市鼓山區美明路102號
高雄美東店#07-5549497,高雄市鼓山區美術東二路432號
高雄美新店#07-5549521,高雄市鼓山區美術南三路201號1樓
高雄美藝店#07-5225401,高雄市鼓山區美術館路87號
高雄大學店#07-5319795,高雄市鼓山區哨船街93號，94號
高雄華泰店#07-5222840,高雄市鼓山區華泰路149號
高雄前峰店#07-5882615,高雄市鼓山區雄峰路9號
高雄鼓豐店#07-5310239,高雄市鼓山區鼓山二路35號
高雄西灣店#07-5250036,高雄市鼓山區蓮海路70號(國立中山大學)
高雄文敬店#07-5530773,高雄市鼓山區篤敬路37號
高雄龍勝店#07-5542963,高雄市鼓山區龍子里龍勝路120號
高雄濱海店#07-5317245,高雄市鼓山區濱海一路109號
高雄二聖店#07-7249692,高雄市前鎮區二聖一路67號
高雄皇家店#07-3318198,高雄市前鎮區民權二路76號1樓
高雄西華店#07-7264629,高雄市前鎮區光華二路76號
高雄德心店#07-3384450,高雄市前鎮區西山里一心二路11號
高雄華江店#07-3359512,高雄市前鎮區長江街70號
高雄瑞平店#07-7164881,高雄市前鎮區保泰路161號
高雄草衙店#07-8157455,高雄市前鎮區草衙二路403號
高雄瑞東店#07-7260326,高雄市前鎮區崗山中街159號
高雄聖心店#07-3387057,高雄市前鎮區復興三路146號
高雄祥瑞店#07-7174418,高雄市前鎮區瑞北路223號1樓
高雄瑞和店#07-7252435,高雄市前鎮區瑞和街173號
高雄高中店#07-8218783,高雄市前鎮區鎮中路145號
高雄力行店#07-3161730,高雄市三民區力行路154號
高雄褒忠店#07-3954767,高雄市三民區大昌二路119之2號1樓
高雄春陽店#07-3834209,高雄市三民區大昌二路328號
高雄大興店#07-3955446,高雄市三民區大裕路38號
高雄鼎新店#07-3421085,高雄市三民區天祥一路42號1樓
高雄安和店#07-3226098,高雄市三民區北平一街153~157號
高雄澄華店#07-3957436,高雄市三民區本揚里澄和路78號1樓
高雄文藻店#07-3105535,高雄市三民區民族一路900號
高雄吉林店#07-3234557,高雄市三民區吉林街155號
高雄高醫店#07-3218755,高雄市三民區安生里十全一路100號
高雄安康店#07-3806874,高雄市三民區安康里九如一路889之4號
高雄運河店#07-2858179,高雄市三民區自立一路71號
高雄延慶店#07-3890250,高雄市三民區延慶街113號1樓
高雄大裕店#07-3926570,高雄市三民區明誠一路115號
高雄鼎山店#07-3476720,高雄市三民區明誠一路506號1樓
高雄鼎中店#07-3493468,高雄市三民區金鼎路358號
高雄建元店#07-3951606,高雄市三民區建元路62號
高雄鑫讚店#07-2364102,高雄市三民區建國二路265之1號
高雄長明店#07-2366674,高雄市三民區建國二路66號1樓?
高雄樹德店#07-3964331,高雄市三民區建興路151號
高雄建興店#07-3875891,高雄市三民區建興路274號
高雄憲政店#07-2257535,高雄市三民區博惠里凱旋一路134號
高雄陽明店#07-3875240,高雄市三民區陽明路196號
高雄黃興店#07-3905476,高雄市三民區陽明路418號
高雄義明店#07-3854002,高雄市三民區義明街1號
高雄義華店#07-3803922,高雄市三民區義華路375號
高雄鼎力店#07-3476413,高雄市三民區鼎力路382號
高雄鼎勇店#07-3943089,高雄市三民區鼎山街300號
高雄鼎華店#07-3945405,高雄市三民區鼎山街592號
高雄鼎貴店#07-3475162,高雄市三民區鼎盛里鼎貴路208號1樓
高雄鼎祥店#07-3463667,高雄市三民區鼎祥街73號
高雄安東店#07-3226298,高雄市三民區察哈爾一街50號
高雄覺禮店#07-3947337,高雄市三民區覺民路38號
高雄日月光店#07-3640010,高雄市楠梓區內環北路109號(日月光員工使用)
高雄加宏店#07-3656976,高雄市楠梓區加宏路120號
高雄右昌店#07-3609679,高雄市楠梓區右昌街221號
日月光八店#07-3646310,高雄市楠梓區西五街10號(日月光員工使用)
高雄後勁店#07-3657187,高雄市楠梓區後昌路131號
高雄新昌店#07-3653382,高雄市楠梓區後昌路634號
高雄秀昌店#07-3609790,高雄市楠梓區後昌路860號
高雄德祥店#07-3650715,高雄市楠梓區海專路401號
高雄創新店#07-3539146,高雄市楠梓區創新路78號
高雄德昌店#07-3606402,高雄市楠梓區惠民路220號
高雄惠豐店#07-3657425,高雄市楠梓區惠豐街166號
日月光三店#07-3654946,高雄市楠梓區開發路47號(日月光員工使用)
日月光九店#07-3641704,高雄市楠梓區開發路73號
日月光一店#07-3655126,高雄市楠梓區經三路26號(日月光員工使用)
日月光五店#07-3624493,高雄市楠梓區經六路66號(日月光員工使用)
高雄旗楠店#07-3538639,高雄市楠梓區旗楠路702號1樓
高雄德中店#07-5911758,高雄市楠梓區德中路110號
高雄東賢店#07-3606800,高雄市楠梓區德賢路382號
高雄興德店#07-3535902,高雄市楠梓區興楠路149-1號
高雄興楠店#07-3541426,高雄市楠梓區興楠路354號
基隆安和店#02-24341775,基隆市安樂區安和一街128號
基隆樂強店#02-24272830,基隆市安樂區安樂路一段208號
基隆長庚店#02-24326001,基隆市安樂區安樂路二段157號
基隆武嶺店#02-24335573,基隆市安樂區武嶺街181之6號
基隆新國揚店#02-34012842,基隆市安樂區基金一路121巷14號
基隆情人湖店#02-24326530,基隆市安樂區基金一路208巷200號
基隆大武崙店#02-24346967,基隆市安樂區基金一路389號
基隆基金店#02-24329658,基隆市安樂區基金三路145號
基隆長樂店#02-24331198,基隆市安樂區麥金路222號地下一樓（基隆長庚醫院）
基隆樂富店#02-24349184,基隆市安樂區樂利二街62巷212號
基隆樂群店#02-24322426,基隆市安樂區樂利三街100號
基隆新城店#02-24326835,基隆市安樂區樂利三街8巷16號
東港東隆店#08-8339381,屏東縣東港鎮中正路55號
東港安泰店#08-8339579,屏東縣東港鎮中正路一段210號
東港長春店#08-8323957,屏東縣東港鎮長春一路93號
東港朝隆店#08-8337421,屏東縣東港鎮朝隆路2號
東港興東店#08-8338646,屏東縣東港鎮興東路43之46號
枋寮隆山店#08-8787017,屏東縣枋寮鄉隆山路80號
屏東正裕店#08-7367146,屏東縣屏東市中正路688之1號
屏東公園店#08-7368917,屏東縣屏東市公園路28號
屏東民榮店#08-7224302,屏東縣屏東市民生路12-2號
屏東民學店#08-7210902,屏東縣屏東市民學路118號
屏東華盛店#08-7517627,屏東縣屏東市永大路66號
屏東光復店#08-7321125,屏東縣屏東市光復路352號
屏東中華店#08-7361342,屏東縣屏東市自由路422號
屏東林森店#08-7213403,屏東縣屏東市林森路28號
屏東武成店#08-7515082,屏東縣屏東市武成街82-5號
屏東高工店#08-7514754,屏東縣屏東市建國路25號
屏東徐州店#08-7322293,屏東縣屏東市勝利路197-6號
屏東福光店#08-7519167,屏東縣屏東市廣東南路90號1樓
屏東廣東店#08-7353649,屏東縣屏東市廣東路624號
屏東勝利店#08-7323220,屏東縣屏東市廣東路961號
屏東歸來店#08-7214149,屏東縣屏東市歸義巷路34號
恆春北恆店#08-8880565,屏東縣恆春鎮省北路37號
墾丁陽光店#08-8861316,屏東縣恆春鎮墾丁里墾丁路143號
墾丁公園店#08-8861218,屏東縣恆春鎮墾丁路302號
九如東寧店#08-7397995,屏東縣九如鄉東寧路215號
長治繁華店#08-7620282,屏東縣長治鄉繁華村中山路11-1號
內埔壽比店#08-7709493,屏東縣內埔鄉老埤村壽比路742號
內埔埔勝店#08-7784118,屏東縣內埔鄉南寧路164之1號
萬丹萬隆店#08-7760579,屏東縣萬丹鄉萬丹路一段452號
潮州太平店#08-7897490,屏東縣潮州鎮太平路56號
潮州長興店#08-7895965,屏東縣潮州鎮長興路26號
潮州潮昇店#08-7899632,屏東縣潮州鎮朝昇路177號
潮州車頭店#08-7804081,屏東縣潮州鎮新生路77號
潮州福星店#08-7882133,屏東縣潮州鎮福星路351號
基隆東信店#02-24669537,基隆市信義區東信路5號
基隆信一店#02-24241255,基隆市信義區信一路148號
基隆深溪店#02-24659495,基隆市信義區深溪路53號
基隆深澳坑店#02-24684912,基隆市信義區深澳坑路89號
花蓮中民店#03-8355248,花蓮縣花蓮市中山路309號
花蓮國安店#03-8311590,花蓮縣花蓮市中山路406之2號
花蓮建中店#03-8315576,花蓮縣花蓮市中山路547之2號
花蓮富強店#03-8465247,花蓮縣花蓮市中山路708號
花蓮維中店#03-8575073,花蓮縣花蓮市中山路一段200號
花蓮慈濟店#03-8571610,花蓮縣花蓮市中央路三段707號3樓?
花蓮中央店#03-8462374,花蓮縣花蓮市中央路四段322號
花蓮榮正店#03-8336312,花蓮縣花蓮市中正路207號
花蓮中福店#03-8320342,花蓮縣花蓮市中正路268號1樓
花蓮正義店#03-8326265,花蓮縣花蓮市中正路413號
花蓮正國店#03-8358084,花蓮縣花蓮市中正路569號
花蓮正明店#03-8335750,花蓮縣花蓮市中正路633號
花蓮中美店#03-8232411,花蓮縣花蓮市中興路209號
花蓮化道店#03-8236654,花蓮縣花蓮市化道路218號
花蓮民和店#03-8355819,花蓮縣花蓮市和平路460號
花蓮新東店#03-8332890,花蓮縣花蓮市和平路583號
花蓮林森店#03-8328720,花蓮縣花蓮市林森路331號
花蓮國盛店#03-8328037,花蓮縣花蓮市國聯五路126號
花蓮國興店#03-8322092,花蓮縣花蓮市國聯五路59號
花蓮德順店#03-8337071,花蓮縣花蓮市德安一街223號
新城佳山店#03-8268488,花蓮縣新城鄉佳林105號(本店僅開放營區人員取貨)
新城康樂店#03-8262100,花蓮縣新城鄉康樂村康樂路279號
新城太魯閣店#03-8610632,花蓮縣新城鄉新興路53號
新城新興店#03-8611192,花蓮縣新城鄉新興路8號
新城嘉新店#03-8226046,花蓮縣新城鄉嘉新村花師街37號(一般民眾無法進入)
新城民益店#03-8225610,花蓮縣新城鄉嘉新村嘉新路45號(海星中學對面)
吉安宜昌店#03-8536892,花蓮縣吉安鄉中華路二段161號
吉安仁里店#03-8546913,花蓮縣吉安鄉仁里村中正路一段153號
吉安自強店#03-8514770,花蓮縣吉安鄉自強路129號
吉安南埔店#03-8511246,花蓮縣吉安鄉南埔八街151號
花蓮建安店#03-8564431,花蓮縣吉安鄉建國路二段362號
吉安莊敬店#03-8460658,花蓮縣吉安鄉莊敬路289號
吉安福興店#03-8541041,花蓮縣吉安鄉福興路232號之1
壽豐志學店#03-8664996,花蓮縣壽豐鄉志學村中正路17號
壽豐豐田店#03-8652750,花蓮縣壽豐鄉豐山村中山路195號
瑞穗瑞雄店#03-8873982,花蓮縣瑞穗鄉溫泉路179號
基隆暖港店#02-24574786,基隆市暖暖區過港路254號
台東中華店#089-349192,台東縣台東市中華路二段61號
台東豐里店#089-318596,台東縣台東市中華路三段257號1樓
台東寶桑店#089-239683,台東縣台東市中興路一段211號
台東中興店#089-239473,台東縣台東市中興路二段442號
台東豐樂店#089-325869,台東縣台東市正氣北路526號
台東光明店#089-362249,台東縣台東市正氣路233號
台東南京店#089-332782,台東縣台東市正氣路384號
台東新城店#089-233395,台東縣台東市光明里中興路二段424號
台東南王店#089-224995,台東縣台東市更生北路603號
台東維新店#089-347383,台東縣台東市更生路575號
台東知本店#089-512191,台東縣台東市青海路四段472號
台東新生店#089-341973,台東縣台東市開封街646號
台東四維店#089-348139,台東縣台東市傳廣路399號1樓
台東豐榮店#089-341938,台東縣台東市豐榮路187號
台東和平店#089-380790,台東縣卑南鄉和平路102號
台東鎮東店#089-381213,台東縣卑南鄉泰安村泰安361號(陸軍太平營區)
台東賓朗店#089-236230,台東縣卑南鄉賓朗路292號
台東龍泉店#089-514523,台東縣卑南鄉龍泉路55號
台東關山店#089-814083,台東縣關山鎮民權路1之6號
新港天后店#05-3742300,嘉義縣新港鄉中山路35號
中正大學附店#05-2722372,嘉義縣民雄鄉三興村168號(學人宿舍)
民雄嘉崎店#05-2209442,嘉義縣民雄鄉大崎村530號
中正新創店#05-2722824,嘉義縣民雄鄉大學路168號(共同科教室)
民雄豐收店#05-2267993,嘉義縣民雄鄉大學路二段2000號
民雄昇平店#05-2269749,嘉義縣民雄鄉昇平路27號
民雄金興店#05-2219901,嘉義縣民雄鄉金興村81號
民雄福樂店#05-2219351,嘉義縣民雄鄉埤角路2之92號
民雄埤角店#05-2206503,嘉義縣民雄鄉福樂村埤角106號
民雄雙福店#05-2205479,嘉義縣民雄鄉雙福村建國路二段80號
布袋港村店#05-3479462,嘉義縣布袋鎮龍江路1號
中埔和興店#05-2394800,嘉義縣中埔鄉中山路五段943號
水上光隆店#05-2842230,嘉義縣水上鄉民生村忠孝街145號
水上柳子林店#05-2688937,嘉義縣水上鄉路1500號
水上機場店#05-2359354,嘉義縣水上鄉榮典路1-1號
水上鎮安店#05-2352125,嘉義縣水上鄉寬士村崎子頭31之2號
太保麻魚店#05-2385049,嘉義縣太保市中山路二段185號
太保縣府店#05-3627137,嘉義縣太保市祥和三路東段段212號1樓
朴子四海店#05-3707141,嘉義縣朴子市永和里應菜埔29之6號
朴子山通店#05-3701692,嘉義縣朴子市光復路55號
朴子南通店#05-3707834,嘉義縣朴子市南通路三段767~769號
朴子長庚店#05-3625445,嘉義縣朴子市嘉朴路西段段6號
朴子海通店#05-3708156,嘉義縣朴子市應菜埔路111之6號
東石蚵庄店#05-3734531,嘉義縣東石鄉東石5號附6
三興店#02-27232796,台北市信義區吳興街7號
大道店#02-27276692,台北市信義區大道路79號
中坡店#02-27269296,台北市信義區中坡南路80號
六張黎店#02-27338739,台北市信義區和平東路三段387號
世貿店#02-87884949,台北市信義區信義路四段405號
北醫店#02-27229824,台北市信義區吳興街263號
外貿店#02-27209160,台北市信義區信義路五段5號2樓
市府店#02-27206685,台北市信義區市府路1號B2樓
永孝店#02-27678185,台北市信義區松信路145號
永林店#02-27470209,台北市信義區虎林街82巷23號
永隆店#02-27678120,台北市信義區基隆路一段147巷7號
光復南路店#02-27294291,台北市信義區光復南路447之2號
安興店#02-27204938,台北市信義區松仁路238號
協和店#02-27590819,台北市信義區中坡南路38號1樓
忠林店#02-87891305,台北市信義區虎林街166號
忠信店#02-27422963,台北市信義區忠孝東路五段425號
忠隆店#02-27686439,台北市信義區忠孝東路五段71巷9號
松三店#02-27269024,台北市信義區林口街116號
松仁店#02-27237309,台北市信義區信義路五段150巷221號
松友店#02-23460402,台北市信義區信義路六段78號
松林店#02-27484658,台北市信義區虎林街69號
松春店#02-27485243,台北市信義區松山路285號
松盛店#02-27606140,台北市信義區松山路153號
松興店#02-27603790,台北市信義區松山路107號
信德店#02-27276981,台北市信義區松德路289號
建鑫店#02-27233205,台北市信義區松壽路24號
海華店#02-87890667,台北市信義區虎林街132巷81號
崇德店#02-27333493,台北市信義區崇德街29號
祥和店#02-27291793,台北市信義區信義路五段150巷401弄31號
莊敬店#02-27201156,台北市信義區莊敬路374號
富台店#02-27639428,台北市信義區虎林街120巷148號
復昌店#02-23459489,台北市信義區光復南路505號
惠興店#02-27582863,台北市信義區吳興街334號
興雅店#02-27275617,台北市信義區虎林街222巷79號
聯合店#02-27685432,台北市信義區忠孝東路四段553巷6弄17號1樓
工業三店#02-27833949,台北市南港區三重路66之2號1樓
工業店#02-26554080,台北市南港區三重路19之4號
中視店#02-27864176,台北市南港區興南街39號
向陽店#02-27887390,台北市南港區重陽路16號
成鑫店#02-27824990,台北市南港區玉成街178號
昆陽店#02-26516070,台北市南港區昆陽街140巷2號
研究院店#02-26515140,台北市南港區研究院路二段70巷1號
胡適店#02-27888455,台北市南港區舊莊街一段3巷16號
重陽店#02-27893918,台北市南港區重陽路183號1樓
國興店#02-27832665,台北市南港區舊莊街一段3巷3弄2號
莊研店#02-27828425,台北市南港區舊莊街一段147號
富康店#02-27821423,台北市南港區富康街86號1樓
港福店#02-26543532,台北市南港區福德街373巷63號1樓
興華店#02-27834076,台北市南港區興華路86號
日祥店#02-23331039,台北市萬華區青年路154號
吉利店#02-23326103,台北市萬華區東園街12號
成都店#02-23758507,台北市萬華區昆明街134號
和西店#02-23080749,台北市萬華區和平西路三段290之5號
昆明店#02-23705910,台北市萬華區昆明街186號
東園店#02-23327420,台北市萬華區東園街69之171號
武成店#02-23052307,台北市萬華區萬大路486巷39號
長沙店#02-23714599,台北市萬華區長沙街二段50號
長泰店#02-23034841,台北市萬華區長泰街2號
青年店#02-23038841,台北市萬華區青年路8號
峨眉店#02-23758929,台北市萬華區峨眉街88號
康定店#02-23899260,台北市萬華區康定路73號
富民店#02-23054389,台北市萬華區萬大路493巷48弄23-4號
華園店#02-23087040,台北市萬華區西園路二段140巷32號
貴陽店#02-23891854,台北市萬華區貴陽街二段182~184號
萬年店#02-23883343,台北市萬華區西寧南路155號
萬國店#02-23894642,台北市萬華區峨眉街21號1樓
漢中店#02-23141275,台北市萬華區漢中街139號
綠堤店#02-23041210,台北市萬華區環河南路二段173號
興義店#02-23393135,台北市萬華區興義街6號
環南店#02-23026891,台北市萬華區環河南路二段298號
寶元店#02-23099925,台北市萬華區寶興街40號
寶興店#02-23013308,台北市萬華區寶興街78號
士商店#02-28838435,台北市士林區中正路503號
士誠店#02-28338941,台北市士林區士東路86號
大南店#02-28833976,台北市士林區大南路52號
大港店#02-28832065,台北市士林區前港街39號
中影店#02-28839581,台北市士林區至善路二段34號
天山店#02-28769215,台北市士林區天母東路69巷11之9號1樓
天文店#02-28319102,台北市士林區美崙街118號
天玉店#02-28747413,台北市士林區天玉街38巷11號
天成店#02-28747141,台北市士林區天母東路36號之5之6一樓及地下室
天和店#02-28723753,台北市士林區天母東路83號
文大店#02-28615610,台北市士林區華岡路55號
文琳店#02-28835419,台北市士林區文林路27號
永新店#02-28113436,台北市士林區社子街27號
百齡店#02-28834606,台北市士林區福港街158之1號
至善店#02-28414153,台北市士林區至善路二段268號
和豐店#02-28813084,台北市士林區和豐街2號
忠誠店#02-28380368,台北市士林區中山北路六段20號
社中店#02-28132673,台北市士林區社中街386號
芝山店#02-28378705,台北市士林區德行東路250號
芝玉店#02-28343943,台北市士林區士東路266巷5弄16號
芝蘭店#02-28314783,台北市士林區德行東路330號
後港店#02-28813007,台北市士林區福港街28號
美崙店#02-28346427,台北市士林區華榮街97號
格致店#02-28612800,台北市士林區格致路22號
通河店#02-28858507,台北市士林區通河街145號
華林店#02-28829074,台北市士林區中正路253號1樓
華崗店#02-28629007,台北市士林區光華路26巷3號之2
華港店#02-28810722,台北市士林區大南路231號
陽明店#02-28820840,台北市士林區中正路333號
葫東店#02-28166043,台北市士林區重慶北路四段188號
葫蘆店#02-88114965,台北市士林區延平北路五段283之1號
福林店#02-88611682,台北市士林區福林里中正路233~233之1號
福港店#02-28804266,台北市士林區前港街126號
德行店#02-28314191,台北市士林區德行東路109巷3號
磺溪店#02-28766755,台北市士林區天母西路40-1號
蘭雅店#02-28387366,台北市士林區忠誠路二段50巷10號
大龍店#02-25980054,台北市大同區大龍街133號
太原店#02-25591685,台北市大同區太原路81號
日新店#02-25505051,台北市大同區承德路二段39號
明真店#02-25982460,台北市大同區延平北路四段19號
保生店#02-25856201,台北市大同區重慶北路三段333號
重慶北路店#02-25532032,台北市大同區重慶北路二段116號
國順店#02-25919787,台北市大同區延平北路三段118號
萬全店#02-25576965,台北市大同區民生西路63號
寧夏店#02-25500930,台北市大同區寧夏路28號
福安店#02-25509755,台北市大同區長安西路54號
福澤店#02-25572577,台北市大同區民權西路146號
慶權店#02-25578978,台北市大同區重慶北路二段263號
蘭州店#02-25995380,台北市大同區大龍街217號1樓
仁慈店#02-27089002,台北市大安區仁愛路四段48巷6號
北科大店#02-87733747,台北市大安區忠孝東路三段1號
古亭店#02-23673372,台北市大安區羅斯福路二段103號
台二店#02-23689486,台北市大安區羅斯福路四段1號(第一學生活動中心側邊)
台大二活店#02-23661941,台北市大安區羅斯福路四段85號(第二學生活動中心)
台科大店#02-27369826,台北市大安區基隆路四段43號（活動中心B1)
台師大店#02-23685037,台北市大安區師大路9號地下一樓(男一舍)
台新店#02-23626210,台北市大安區新生南路三段84-8號
四維店#02-27008292,台北市大安區四維路154巷1    號
光新店#02-27849586,台北市大安區光復南路418號
安居店#02-27375452,台北市大安區安居街76號
安賢店#02-27074252,台北市大安區四維路170巷4號
成功店#02-27550428,台北市大安區和平東路二段311巷32號
辛亥店#02-23778503,台北市大安區辛亥路二段171巷3號
和東店#02-27371371,台北市大安區和平東路二段102之3號1樓
和復店#02-27540370,台北市大安區和平東路二段261號
和新店#02-83691009,台北市大安區和平東路二段22號
延吉店#02-27412630,台北市大安區忠孝東路四段216巷31號
延安店#02-87716553,台北市大安區延吉街158號
延孝店#02-27405319,台北市大安區延吉街135號
忠愛店#02-27314580,台北市大安區仁愛路四段27巷43號
昌隆店#02-87733114,台北市大安區忠孝東路三段217巷2弄1號
明曜店#02-27780326,台北市大安區仁愛路四段151巷34號
信美店#02-27544328,台北市大安區信義路三段134巷2號1樓
建南店#02-27318185,台北市大安區建國南路一段156號
建國店#02-27540801,台北市大安區建國南路二段151巷38號
師大店#02-23918196,台北市大安區師大路79號
國泰店#02-27542056,台北市大安區仁愛路四段266巷15弄10號1樓
通和店#02-27331503,台北市大安區通安街77號
喬治店#02-27328982,台北市大安區基隆路二段172號
敦安店#02-27019097,台北市大安區安和路一段112巷27號
敦新店#02-27057671,台北市大安區仁愛路四段112巷5號
華視店#02-27310238,台北市大安區光復南路116巷26號
新生南路店#02-27035220,台北市大安區新生南路一段163號
新安店#02-27079776,台北市大安區瑞安街274號1樓
新敦民店#02-27111320,台北市大安區敦化南路一段161巷7號
新遠企店#02-27323623,台北市大安區敦化南路二段261號
瑞和店#02-27049888,台北市大安區和平東路二段175巷28號
義興店#02-27048404,台北市大安區信義路四段1之10號
福康店#02-23959759,台北市大安區信義路二段198巷6號
樂利店#02-27386503,台北市大安區通化街168號
興仁店#02-87732350,台北市大安區復興南路一段217號
興和店#02-27845780,台北市大安區復興南路二段153號
興忠店#02-27419504,台北市大安區復興南路一段200號
興南店#02-27552227,台北市大安區復興南路二段8號
龍普店#02-87733622,台北市大安區忠孝東路四段170巷6弄2號
懷生店#02-27763718,台北市大安區復興南路一段70號
羅中店#02-23924175,台北市大安區羅斯福路二段17號
羅翔店#02-27363116,台北市大安區羅斯福路四段113巷29號(空作部)
大通店#02-25153716,台北市中山區伊通街39號1樓
中賓店#02-25230023,台北市中山區中山里中山北路二段59-3號
中興店#02-25012043,台北市中山區龍江路201號1樓
五常店#02-25067078,台北市中山區五常街53巷23號
日津店#02-25635367,台北市中山區天津街47號
北大店#02-25030110,台北市中山區錦州街428號
北鄰店#02-25324099,台北市中山區北安路458巷47弄13號1樓
市民店#02-25638109,台北市中山區中山北路一段58號
正義店#02-25239542,台北市中山區長安東路一段55號
民族店#02-25185693,台北市中山區民族東路410巷23弄24號
永安店#02-25322254,台北市中山區北安路630巷7號1樓
玉林店#02-25222731,台北市中山區民生東路一段27巷15號
光華店#02-25670175,台北市中山區松江路24之1號
光輝店#02-25955703,台北市中山區德惠街34之2號
吉林店#02-25628106,台北市中山區吉林路314號
吉原店#02-25629311,台北市中山區中原街27號
朱崙店#02-27528615,台北市中山區朱崙街67號
江寧店#02-25171595,台北市中山區民權東路三段64號
京江店#02-25678224,台北市中山區一江街22號
京通店#02-25172672,台北市中山區伊通街50號
京貿店#02-25066873,台北市中山區南京東路三段65號
宜興店#02-25683241,台北市中山區林森北路327號
明水店#02-85097543,台北市中山區明水路581巷11號
林森北路店#02-25230561,台北市中山區林森北路119巷49~51號
林森店#02-25863414,台北市中山區志新里7鄰林森北路644號1樓
松平店#02-25318666,台北市中山區四平街47號
欣欣店#02-25314871,台北市中山區長春路100號1樓
金林店#02-25629847,台北市中山區林森北路109號1樓
金磚店#02-25994347,台北市中山區雙城街19巷2號
長林店#02-25629310,台北市中山區林森北路107巷54號
長春店#02-25817796,台北市中山區長春路48號
長通店#02-25029136,台北市中山區伊通街108號1樓
南京店#02-25080782,台北市中山區南京東路三段118號
美華店#02-85095070,台北市中山區北安路819號之1
美麗店#02-85011290,台北市中山區樂群二路142號1樓
馬偕店#02-25316236,台北市中山區民生西路29號
復林店#02-25230478,台北市中山區林森北路149-1號
復榮店#02-25181554,台北市中山區復興北路514巷36號
晶華店#02-25604141,台北市中山區林森北路334號
匯豐店#02-25632622,台北市中山區南京東路二段11號
新生店#02-25619325,台北市中山區新生北路一段112號
新松店#02-25715620,台北市中山區松江路330巷33號
新泰店#02-25434549,台北市中山區民生東路一段41號
新晴店#02-25955820,台北市中山區農安街4之1號
新農店#02-25968538,台北市中山區恆安里農安街26之3號1樓
農安店#02-25042520,台北市中山區農安街249號
榮星店#02-25169569,台北市中山區龍江路352號
榮濱店#02-25153670,台北市中山區民族東路410巷24號
福泰店#02-25413026,台北市中山區民生東路一段36號1樓
聚葉店#02-25716328,台北市中山區中山北路二段137巷34號
德林店#02-25961560,台北市中山區德惠街173號
德城店#02-25927951,台北市中山區德惠街16號
德惠店#02-25953593,台北市中山區吉林路448號
撫順店#02-25927495,台北市中山區撫順街12之2號
樂群店#02-85095167,台北市中山區樂群二路186號
稻江店#02-25987608,台北市中山區農安街82號
興安店#02-25052013,台北市中山區興安街57號
興亞店#02-25312051,台北市中山區南京東路二段26號
興德店#02-87725312,台北市中山區復興南路一段38號
衡山店#02-85095880,台北市中山區通北街111號
遼寧店#02-27405515,台北市中山區長安東路二段216號
錦江店#02-25638875,台北市中山區錦州街215號
錦西店#02-25673231,台北市中山區錦西街8號
錦林店#02-25239913,台北市中山區林森北路399巷10號1樓
錦原店#02-25412311,台北市中山區中原街101號
濱江店#02-25159357,台北市中山區建國北路三段111號1樓
雙林店#02-25992453,台北市中山區雙城街2-2號
雙城店#02-25996056,台北市中山區雙城街12之1號
公館店#02-23688539,台北市中正區汀州路三段251號
文盛店#02-23681345,台北市中正區汀州路三段173號
文祥店#02-23914884,台北市中正區杭州南路一段147號
水源店#02-23642257,台北市中正區汀州路三段261號
仟囍店#02-23820550,台北市中正區漢口街一段15號
台開店#02-23831937,台北市中正區重慶南路一段18號
台醫店#02-23278841,台北市中正區中山南路7號1樓
西站店#02-23120577,台北市中正區懷寧街7號之1號
酉陽店#02-23894507,台北市中正區永綏街20號
和鄰店#02-23628326,台北市中正區和平西路一段82號
和醫店#02-23122560,台北市中正區延平南路159號1樓
東門店#02-23583490,台北市中正區信義路一段1號
林森南路店#02-23519110,台北市中正區林森南路57號
金昌店#02-23432173,台北市中正區南昌路一段135號1樓
金門店#02-23642756,台北市中正區汀州路二段216號1樓
南陽店#02-23881469,台北市中正區信陽街15號
南機場店#02-23039420,台北市中正區中華路二段311巷1號
重慶店#02-23122797,台北市中正區重慶南路一段58號
郡王店#02-23719902,台北市中正區延平南路68號
博陽店#02-23825553,台北市中正區光復里衡陽路69號1樓
富陽店#02-23754181,台北市中正區襄陽路7號1樓
惠安店#02-23322868,台北市中正區惠安街13號
開封店#02-23709020,台北市中正區開封街一段41號
廈門店#02-23648818,台北市中正區廈門街52號
新北商店#02-33222487,台北市中正區濟南路一段321號B1樓
新昌店#02-23967732,台北市中正區南昌路一段49號
福嶺店#02-23954765,台北市中正區牯嶺街43號
齊東店#02-23942076,台北市中正區濟南路二段3之7號1樓
摩天店#02-23148151,台北市中正區許昌街26號
館中店#02-23672204,台北市中正區羅斯福路三段316巷8弄1號1樓
龍口店#02-23047251,台北市中正區汀州路一段238號
鴻啟店#02-23142878,台北市中正區忠孝西路一段100號
寶慶店#02-23898700,台北市中正區延平南路111號
三總店#02-87929407,台北市內湖區成功路二段325號
大湖店#02-27961994,台北市內湖區成功路四段362號
內湖店#02-27948069,台北市內湖區成功路二段424號
內華店#02-27911354,台北市內湖區民權東路六段162號
文湖店#02-27973433,台北市內湖區文湖街59號
東安店#02-26345521,台北市內湖區安康路480號
金湖店#02-27952711,台北市內湖區內湖路三段60巷10弄1號
時代店#02-87976824,台北市內湖區瑞光路413號1樓
康福店#02-26339860,台北市內湖區康樂街87號
港墘店#02-87972796,台北市內湖區港墘路44號
湖山店#02-26572616,台北市內湖區麗山街348巷10弄2號
湖安店#02-26591427,台北市內湖區內湖路一段285巷19號
湖濱店#02-26593051,台北市內湖區內湖路二段103巷104號
紫陽店#02-87519703,台北市內湖區文德路212號
陽光店#02-87519072,台北市內湖區瑞光路210號
新東湖店#02-26317679,台北市內湖區東湖路43巷4號
新湖店#02-27937065,台北市內湖區新湖二路250巷8號
新瑞店#02-26592842,台北市內湖區堤頂大道二段407巷26號1樓
瑞光店#02-87514993,台北市內湖區瑞光路510號1樓
瑞湖店#02-87524016,台北市內湖區港墘里瑞光路513巷39號1樓
瑞陽店#02-26597471,台北市內湖區文德路90巷49號
碧湖店#02-26277149,台北市內湖區內湖路一段593號
精英店#02-26579148,台北市內湖區堤頂大道二段241號1樓
德明店#02-27974960,台北市內湖區環山路一段33號
德陽店#02-27987160,台北市內湖區文德路22巷25號
興盛店#02-27903667,台北市內湖區新明路182號
環山店#02-26271008,台北市內湖區環山路一段5號
環德店#02-87974557,台北市內湖區環山路二段55號
麗山店#02-26279495,台北市內湖區內湖路一段737巷49號
護校店#02-26342271,台北市內湖區康寧路三段75巷137號
木柵路店#02-29362952,台北市文山區木柵路三段148號150號
木康店#02-29399685,台北市文山區木柵路三段53號
木新店#02-29388551,台北市文山區木新路三段333號
木興店#02-22348419,台北市文山區木柵路二段52號
仙岩店#02-86631305,台北市文山區仙岩路2號
再興店#02-22302780,台北市文山區興隆路三段207巷11弄2號
名門店#02-22301700,台北市文山區軍功路109號
忠順店#02-22345955,台北市文山區忠順街二段21號
明興店#02-86618412,台北市文山區木柵路二段109巷25弄2號
師美店#02-29322856,台北市文山區汀州路四段77號
景中店#02-29334768,台北市文山區景中街5號
景文店#02-29303305,台北市文山區景文街83號
景和店#02-89319847,台北市文山區羅斯福路六段274號
景興店#02-29304049,台北市文山區興隆路一段249號
華德店#02-29356335,台北市文山區景華街75號
順輝店#02-29388216,台北市文山區光輝路7號
萬安店#02-22391777,台北市文山區萬安街17號
萬和店#02-86636168,台北市文山區羅斯福路五段218巷38弄2號
萬興店#02-29304220,台北市文山區興隆路一段55巷27弄1之4號
試院店#02-22369520,台北市文山區木柵路一段91號
福興店#02-29325264,台北市文山區福興路58號
興昌店#02-29357810,台北市文山區辛亥路四段101巷1號
興欣店#02-86637605,台北市文山區興隆路二段205號
興崙店#02-29397480,台北市文山區興隆路四段50之1號
興園店#02-29334696,台北市文山區興隆路二段220巷33號
興業店#02-86635963,台北市文山區興隆路二段279號
大業店#02-28964457,台北市北投區大興街22號
中永店#02-28949813,台北市北投區開明里中和街252號1樓
文化店#02-28976316,台北市北投區中央北路二段97號1樓
北投店#02-28941595,台北市北投區光明路218之1號
永興店#02-28947414,台北市北投區永興路一段1號
立農店#02-28237428,台北市北投區吉利街114號
立賢店#02-28202721,台北市北投區承德路七段290號
光明店#02-28966631,台北市北投區光明路23號及25號
自強店#02-28276890,台北市北投區自強街88號
行義店#02-28725082,台北市北投區行義路33號
和碩店#02-28972041,台北市北投區立功街76號B1
和碩附店#02-28977770,台北市北投區立德路150號B1
和聯店#02-28915354,台北市北投區承德路七段400號2樓
奇岩店#02-28928240,台北市北投區公館路259號1樓
明德店#02-28239507,台北市北投區石牌里明德路93號
東華店#02-28232256,台北市北投區東華街二段88號
東陽店#02-28212319,台北市北投區西安街一段283號
知行店#02-28587301,台北市北投區知行路227號
金石店#02-28210705,台北市北投區石牌路一段200號
振華店#02-28232410,台北市北投區振華街2號
崇合店#02-28972076,台北市北投區三合街二段487號
清江店#02-28970433,台北市北投區清江路1號
唭哩店#02-28219568,台北市北投區西安街二段283號
尊賢店#02-28271417,台北市北投區尊賢街260號
復中店#02-28924021,台北市北投區中和街328號1樓
復興崗店#02-28920952,台北市北投區中央北路三段2號
華碩店#02-28920776,台北市北投區立德路15號
陽大店#02-28272232,台北市北投區立農街二段155號1樓
新實店#02-28236547,台北市北投區實踐街51號1樓
三富店#02-27677510,台北市松山區三民路148號
大吉店#02-27474163,台北市松山區八德路四段245巷32弄67號
大理店#02-27473064,台北市松山區光復北路11巷50號
大盛店#02-27650089,台北市松山區南京東路五段66巷2弄1-1號
中央店#02-25460351,台北市松山區民生東路四段95號
中崙店#02-25776466,台北市松山區八德路三段74巷43號
北權店#02-25469055,台北市松山區民權東路三段106巷11號
台視店#02-25789545,台北市松山區八德路三段12巷5弄2號
民有店#02-27139305,台北市松山區民權東路三段160巷9號
民東店#02-27677447,台北市松山區新東街11巷28號
民復店#02-25473532,台北市松山區民生東路四段80巷3號1樓
宏大店#02-27183704,台北市松山區敦化北路155巷3號1樓
東光店#02-27693809,台北市松山區南京東路五段123巷1之8號
東清店#02-27474960,台北市松山區南京東路五段291巷8號之1號
東寶店#02-27645799,台北市松山區南京東路五段291巷17號
松指部店#02-25475302,台北市松山區民權東路四段121號(松指部)
松航店#02-25459405,台北市松山區敦化北路340之9號(松山機場二航站)
松壽店#02-27474015,台北市松山區延壽街330巷7弄22號
松醫店#02-27600199,台北市松山區健康路158號
長城店#02-27176687,台北市松山區敦化北路120巷80號
長復店#02-27500001,台北市松山區長安東路二段219號
信大店#02-27481063,台北市松山區八德路四段758號
健康店#02-87124305,台北市松山區健康路100號
常興店#02-25464600,台北市松山區五常街364號
康柏店#02-27604612,台北市松山區健康路220號
富錦店#02-27455196,台北市松山區富錦街529號
復盛店#02-27619127,台北市松山區八德路四段40號
敦北店#02-27216214,台北市松山區敦化北路4巷16號
塔悠店#02-27420973,台北市松山區延壽街2號
微風店#02-87719880,台北市松山區市民大道四段51號
新東店#02-27653580,台北市松山區新東街14號
新壽店#02-27530498,台北市松山區延壽街400號
德光店#02-25703665,台北市松山區八德路三段106巷60號
慶城店#02-25464461,台北市松山區慶城街8號
興北店#02-27150977,台北市松山區民權東路三段103巷15號
豐禾店#02-27126702,台北市松山區民生東路三段130巷5弄2號
豐華店#02-27123226,台北市松山區民生東路三段113巷6弄1號一樓
豐權店#02-25474947,台北市松山區復興北路361巷28號
寶清店#02-27532857,台北市松山區八德路四段598號
永和正中店#02-29490348,新北市永和區中正路284號
永和大福店#02-29254322,新北市永和區中正路608號
永和耕莘店#02-29240539,新北市永和區中興街95號
永和仁愛店#02-29247502,新北市永和區仁愛路103號
永和保福店#02-32339551,新北市永和區仁愛路162號
永和紐約店#02-29267412,新北市永和區仁愛路306巷33號
永和仁和店#02-32330262,新北市永和區仁愛路33號
永和文化店#02-86604492,新北市永和區文化路18號
永和維源店#02-89230231,新北市永和區水源街39巷2號
永和教士店#02-29485276,新北市永和區民生路24號
永和民有店#02-89434344,新北市永和區民有街73號1樓
永和國艷店#02-29232783,新北市永和區民樂街39巷2號
永和騎士店#02-89433594,新北市永和區民權路53號1樓
永和永平店#02-86603548,新北市永和區永平路232號
永和永亨店#02-29208853,新北市永和區永亨路66號1樓
永和永福店#02-29234354,新北市永和區永和路一段93號
永和保平店#02-89231532,新北市永和區永貞路354號
永和保安店#02-29207792,新北市永和區永貞路387號
永和光復店#02-89233824,新北市永和區光復街4號
永和秀成店#02-29215822,新北市永和區成功路一段137號
永和田單店#02-29432844,新北市永和區成功路二段157號
永和市竹店#02-29228675,新北市永和區竹林路206號1樓
永和御林店#02-89250327,新北市永和區竹林路213巷44號1樓
永和永林店#02-89274417,新北市永和區竹林路37號
永和復興店#02-29254364,新北市永和區秀朗路一段186號
永和秀和店#02-29280903,新北市永和區秀朗路一段78號
永和樂華店#02-29264823,新北市永和區保平路18巷12號1樓
永和羅鄰店#02-29293596,新北市永和區保平路268巷25號1樓
永和超富店#02-29211497,新北市永和區國中路148號1樓
永和國和店#02-29281175,新北市永和區國中路86巷2號
永和得和店#02-29416037,新北市永和區得和路372號
永和得元店#02-29265391,新北市永和區得和路373巷29號
永和秀朗店#02-31515537,新北市永和區得和路420號
永和頂溪店#02-29262511,新北市永和區復興街3號
永和福和店#02-29213528,新北市永和區福和路173號
永和雷霆店#02-29267315,新北市永和區福和路311號
永和水悅店#02-29267011,新北市永和區環河西路一段83號
永和環河店#02-32339160,新北市永和區環河西路二段219號
永和環東店#02-89278437,新北市永和區環河東路一段122號
烏來泉鄉店#02-26617591,新北市烏來區環山路60號1樓
中和佳和店#02-22450773,新北市中和區中山路二段134號
中和秀鴻店#02-22485464,新北市中和區中山路二段2巷45弄2號
中和中業店#02-32343384,新北市中和區中山路二段383號
中和中環店#02-22267465,新北市中和區中山路三段111號
中和環球店#02-32349461,新北市中和區中山路三段120之11號
中和漢陽店#02-22230343,新北市中和區中山路三段172號1樓
中和元氣店#02-22256901,新北市中和區中山路三段39號2樓
中和和興店#02-22446249,新北市中和區中正路11號
中和鎮陽店#02-82423034,新北市中和區中正路167巷18號
中和力行店#02-22435392,新北市中和區中正路242號
中和福朋店#02-22286315,新北市中和區中正路633號
中和國華店#02-32343009,新北市中和區中正路868-1號
中和中安店#02-29256006,新北市中和區中安街192號
中和中鼎店#02-29294187,新北市中和區中安街80號一樓
中和漳和店#02-22467021,新北市中和區中和路30號
中和中邦店#02-29285900,新北市中和區中和路350巷3弄2號
中和中和店#02-32338551,新北市中和區中和路480號1樓
中和巴黎店#02-22407145,新北市中和區中興街235巷1號
中和仁義店#02-29484666,新北市中和區仁愛街36號
中和維新店#02-29437612,新北市中和區仁愛街95之1號
中和水源店#02-82459519,新北市中和區水源路81巷16弄7之6號
中和廣場店#02-82278301,新北市中和區平河里中正路712號1樓
中和偉德店#02-29541483,新北市中和區民生街85巷1弄2號
中和國院店#02-22213432,新北市中和區民安街51號1樓
中和民利店#02-22289576,新北市中和區民利街87號1樓
中和中城店#02-32346707,新北市中和區民享街86巷38號1樓
中和和潤店#02-22439939,新北市中和區永和路24號
中和華中店#02-22452309,新北市中和區永和路92號
中和永貞店#02-29288350,新北市中和區永貞路244號
中和秀山店#02-89421005,新北市中和區立人街65~67號
中和建業店#02-22224223,新北市中和區立德街189號
中和萊陽店#02-82456393,新北市中和區光華街1號
中和福山店#02-29478510,新北市中和區自立路17號
中和智山店#02-89422563,新北市中和區自立路38號之1
中和秀福店#02-29400818,新北市中和區秀朗路三段52號
中和平興店#02-29431824,新北市中和區和平街20號
中和和平店#02-29444304,新北市中和區和平街56號
中和安陽店#02-29414012,新北市中和區宜安路25號
中和忠孝店#02-29444190,新北市中和區忠孝街39之1號
中和保健店#02-29444222,新北市中和區保健路17號
中和建陽店#02-89417923,新北市中和區保健路42-3號
中和南勢角店#02-89412772,新北市中和區南山路399巷10號
中和華山店#02-22487964,新北市中和區南華路65號
中和圓剛店#02-22289923,新北市中和區建一路141號
中和遠建店#02-82272991,新北市中和區建一路176號1樓
中和嘉慶店#02-22235863,新北市中和區員山路141號
中和員山店#02-22267296,新北市中和區員山路325之5號
中和國興店#02-29536490,新北市中和區國光街110號
中和中海店#02-29641516,新北市中和區國光街144號
中和美勝店#02-22455850,新北市中和區莊敬路35號1樓
中和自強店#02-32346883,新北市中和區莒光路131號
中和巨人店#02-82453770,新北市中和區連城路101號
中和連勝店#02-22490286,新北市中和區連城路231號
中和和連店#02-82457861,新北市中和區連城路265巷1號
中和世紀店#02-82278716,新北市中和區連城路268之1號1樓
中和連福店#02-32347896,新北市中和區連城路391號及393號
中和福后店#02-32347302,新北市中和區連城路469巷19號1樓
中和連興店#02-22264028,新北市中和區連城路525號
中和城邦店#02-22431892,新北市中和區連勝街55號
中和中興店#02-82423542,新北市中和區復興里中興街113號
中和景德店#02-89416034,新北市中和區景平路111巷60弄54號及56號
中和摩天店#02-89423447,新北市中和區景平路182號1樓
中和南園店#02-89434635,新北市中和區景平路296號
中和景會店#02-22424705,新北市中和區景平路433號1樓
中和景平店#02-89422184,新北市中和區景平路478號
中和勝平店#02-22474417,新北市中和區景平路517號
中和福真店#02-22469262,新北市中和區景平路701號
中和福順店#02-82454113,新北市中和區景平路708號
中和景秀店#02-86680018,新北市中和區景平路71號
中和景欣店#02-29439032,新北市中和區景本里景新街385號~85之1
中和新平店#02-89411655,新北市中和區景新街265號
中和華福店#02-29506983,新北市中和區華順街117號
中和華順店#02-29542123,新北市中和區華順街59號
中和和隆店#02-29437957,新北市中和區華新街109巷5號
中和華夏店#02-29479070,新北市中和區華新街202號
中和安邦店#02-22460866,新北市中和區圓通路169號
中和德行店#02-22456409,新北市中和區圓通路267號
中和圓通店#02-22454902,新北市中和區圓通路307之5號
中和凌雲店#02-22427725,新北市中和區圓通路367巷2號
中和錦和店#02-22481071,新北市中和區圓通路391之7號
中和新生店#02-32342883,新北市中和區新生街132號
中和中穗店#02-82276761,新北市中和區新生街2號1樓
中和民德店#02-29640401,新北市中和區壽德里壽德街26號1樓
中和廣學店#02-22429937,新北市中和區廣福路58號
中和德穗店#02-89526580,新北市中和區德光路24號,26號1樓
中和橋安店#02-22424182,新北市中和區橋和路120號
中和橋和店#02-22445415,新北市中和區橋和路152號
中和立德店#02-82277935,新北市中和區積穗里中正路1196號
中和信義店#02-86687866,新北市中和區興南路一段63號
中和興南店#02-29471311,新北市中和區興南路一段91號
中和新興店#02-29427198,新北市中和區興南路二段36號
中和南興店#02-29420466,新北市中和區興南路二段5號
中和福多店#02-22232630,新北市中和區錦和路170號
中和錦中店#02-22458753,新北市中和區錦和路356號
土城多德店#02-22645235,新北市土城區中央路一段252號
土城順風店#02-82612108,新北市土城區中央路二段154號
土城員林店#02-22631114,新北市土城區中央路二段268號
土城員仁店#02-82623135,新北市土城區中央路二段308號
土城中央店#02-22741563,新北市土城區中央路二段89號
土城大安店#02-22690923,新北市土城區中央路三段187號
土城欣隆店#02-22683967,新北市土城區中央路三段283號
土城永寧店#02-22694365,新北市土城區中央路三段74-1號
土城頂埔店#02-22674416,新北市土城區中央路四段262號1樓
土城恆山店#02-22684232,新北市土城區中央路四段281號1樓
土城中華店#02-22742059,新北市土城區中華路二段117號
土城德陽店#02-22641070,新北市土城區仁愛路25號
土城鴻海店#02-22695054,新北市土城區自由街2號5樓
土城新亞店#02-22697840,新北市土城區亞洲路57號
土城延吉店#02-22736015,新北市土城區延吉街120號
土城延豐店#02-22746691,新北市土城區延吉街270號
土城冠延店#02-22622680,新北市土城區延和路111號
土城延和店#02-22730750,新北市土城區延和路201號
土城延壽店#02-22741401,新北市土城區延壽路11號
土城義鴻店#02-22733196,新北市土城區明德路一段311號
土城玉山店#02-22656110,新北市土城區明德路二段203號
土城立雲店#02-22643909,新北市土城區金城路二段258之5號
土城金和店#02-22629952,新北市土城區金城路三段147號
土城安和店#02-22640974,新北市土城區金城路三段205號1樓
土城雲陽店#02-22740328,新北市土城區青雲路185號1樓
土城寬樺店#02-22662881,新北市土城區青雲路382號
土城青雲店#02-22743769,新北市土城區青雲路42號
土城仁愛店#02-22611306,新北市土城區清水路166號
土城八洋店#02-22661269,新北市土城區裕民路69號
土城御前店#02-82616465,新北市土城區裕生路19號1樓?
土城裕勝店#02-22623307,新北市土城區裕生路57號1~2樓
土城城堡店#02-22743213,新北市土城區福仁街50巷1號
土城福祥店#02-82615458,新北市土城區福祥街46號
土城廣明店#02-89674909,新北市土城區廣明街45號
土城學成店#02-22642547,新北市土城區學成路46號
土城廣興店#02-22647450,新北市土城區學府路一段100號
土城廣福店#02-22738441,新北市土城區學府路一段162號
土城城學店#02-82624742,新北市土城區學府路一段191號
土城海山店#02-22647851,新北市土城區學府路一段294號
土城美仁店#02-82614954,新北市土城區學府路二段21號1樓
全家三峽同發店#02-86714604,新北市三峽區大同路3-1號
全家三峽大德店#02-35012620,新北市三峽區大德路483號1樓
全家三峽大寧店#02-86722270,新北市三峽區大學路125號1樓
全家三峽觀成店#02-86723040,新北市三峽區大觀路80號1樓
全家三峽金寶店#02-86714922,新北市三峽區中山路240號
全家三峽峇里店#02-26736076,新北市三峽區中山路303號
全家三峽介壽店#02-86764387,新北市三峽區介壽路三段174號
全家三峽文化店#02-26728908,新北市三峽區文化路117號
全家三峽大同店#02-86742229,新北市三峽區光明路100之6號
全家三峽光明店#02-26749014,新北市三峽區光明路6號
全家三峽錦隆店#02-86717821,新北市三峽區國光街1號1樓
全家三峽國寧店#02-86721143,新北市三峽區國學街31號,33號
全家三峽和平店#02-26735218,新北市三峽區復興路157號
全家三峽恩主店#02-26714305,新北市三峽區復興路373號1樓
全家三峽復興店#02-26714174,新北市三峽區復興路56號
全家三峽三樹店#02-26739736,新北市三峽區龍埔里三樹路257號1樓
全家樹林俊興店#02-26887701,新北市樹林區三俊街127號
全家樹林三俊店#02-26897672,新北市樹林區三俊街197號
全家樹林學誠店#02-35017864,新北市樹林區大義路196號
全家樹林新中店#02-26685755,新北市樹林區中山路三段107號
全家樹林中華店#02-86867009,新北市樹林區中華路183號
全家樹林全球店#02-86847012,新北市樹林區中華路299號
全家樹林太元店#02-86868851,新北市樹林區太元街1號
全家樹林太平店#02-86845773,新北市樹林區太元街58號
全家樹林日新店#02-26876139,新北市樹林區日新街50號1樓
全家樹林育英店#02-26842900,新北市樹林區育英街49號及51號
全家樹林育園店#02-26684376,新北市樹林區佳園路一段43號
全家樹林復園店#02-26684708,新北市樹林區佳園路三段103號1樓
全家樹林五圓店#02-86850375,新北市樹林區忠孝街99號1樓
全家樹林東榮店#02-86856907,新北市樹林區東榮街118號
全家樹林俊英店#02-26899787,新北市樹林區俊英街113號
全家樹林俊霖店#02-26765503,新北市樹林區俊英街155巷1號1樓
全家樹林保安店#02-86883462,新北市樹林區保安街二段209號
全家樹林凱旋店#02-89700748,新北市樹林區南園里大成路10號1樓
全家樹林車站店#02-26813492,新北市樹林區後站街8號
全家樹林柑園店#02-26684873,新北市樹林區柑園路二段2號
全家樹林國凱店#02-86860727,新北市樹林區國凱街82號
全家樹林博愛店#02-86755840,新北市樹林區博愛街158號1樓
全家樹林鎮前店#02-26842458,新北市樹林區博愛街198號
全家樹林復興店#02-26873547,新北市樹林區復興路272~274號
全家樹林潭興店#02-26829851,新北市樹林區潭興街22號
全家樹林學園店#02-35019721,新北市樹林區學成路601號1樓
全家樹林學明店#02-89702642,新北市樹林區學林路90號1樓
全家樹林學勤店#02-89705219,新北市樹林區學勤路550號
全家樹林龍興店#02-26889613,新北市樹林區龍興街15號
全家鶯歌正鶯店#02-86782074,新北市鶯歌區中正一路371號
全家鶯歌永明店#02-26703617,新北市鶯歌區永明街78號
全家鶯歌南雅店#02-26701851,新北市鶯歌區南雅路435號
全家鶯歌站前店#02-86774875,新北市鶯歌區建國路53之5號
全家鶯歌鶯桃店#02-26706210,新北市鶯歌區鶯桃路45號
全家八德鳳福店#02-86772473,新北市鶯歌區鶯桃路二段27號
全家鶯歌錦昇店#02-26774802,新北市鶯歌區鶯桃路二段52號
全家三重首里店#02-29895083,新北市三重區力行路一段87號
全家三重大勇店#02-29829253,新北市三重區力行路二段2號
全家三重三民店#02-29843629,新北市三重區三民街112號
全家三重福田店#02-29823712,新北市三重區三民街285號
全家三重龍和店#02-29762428,新北市三重區三和路三段59號
全家三重三和店#02-22877212,新北市三重區三和路四段143之1號
全家三重福運店#02-22863881,新北市三重區三和路四段250號
全家三重銀行店#02-22801882,新北市三重區三和路四段376號
全家三重光陽店#02-89823262,新北市三重區三陽路102號
全家三重三陽店#02-29828874,新北市三重區三陽路13巷2號
全家三重富貴店#02-82876954,新北市三重區三賢街201號
全家三重大成店#02-29828845,新北市三重區大同北路1號
全家三重致學店#02-29869646,新北市三重區大智街197號
全家三重大智店#02-29807923,新北市三重區大智街94號
全家三重三佾店#02-29784888,新北市三重區中央北路58號1樓
全家三重福德店#02-29771517,新北市三重區中央南路51號1樓
全家三重興南店#02-29742923,新北市三重區中央南路8號1樓
全家三重永泉店#02-89851924,新北市三重區中正北路165巷12之1號
全家三重永德店#02-29867436,新北市三重區中正北路346號
全家三重穀保店#02-29876308,新北市三重區中正北路554號1樓
全家三重中正店#02-29789137,新北市三重區中正南路184號1樓
全家三重光正店#02-29792115,新北市三重區中正南路224號
全家三重華山店#02-29879931,新北市三重區中華路28號
全家三重華泰店#02-29874587,新北市三重區中華路53號1樓
全家三重碧華店#02-28571922,新北市三重區五華街131號
全家三重三信店#02-28577436,新北市三重區五華街257號1樓
全家三重華興店#02-29876468,新北市三重區五華街45號47號1樓?
全家三重五華店#02-89822418,新北市三重區五華街89號
全家三重仁華店#02-82875316,新北市三重區仁愛街719之1號
全家三重仁義店#02-89859488,新北市三重區仁義街153號
全家三重華義店#02-89859180,新北市三重區仁義街244號
全家三重通華店#02-82875919,新北市三重區仁義街317號
全家三重六張店#02-89837367,新北市三重區六張街90巷1號
全家三重文興店#02-29761512,新北市三重區文化南路16號1樓
全家三重民生店#02-29809320,新北市三重區民生東街2號
全家三重永安店#02-28579121,新北市三重區永安北路二段11號1樓
全家三重福旺店#02-22863796,新北市三重區永福街123號
全家三重永福店#02-22801075,新北市三重區永福街124號
全家三重成功店#02-29742342,新北市三重區成功路145巷45號
全家三重環南店#02-29743620,新北市三重區成功路52號
全家三重欣田店#02-89837451,新北市三重區自強路二段24號
全家三重自強店#02-89832068,新北市三重區自強路三段16號
全家三重永盛店#02-22872092,新北市三重區車路頭街141號
全家三重公園店#02-29836585,新北市三重區忠孝路二段34號
全家三重珍寶店#02-29845385,新北市三重區忠孝路三段47號
全家三重田心店#02-29844120,新北市三重區忠孝路三段50巷82號
全家三重長壽店#02-89827026,新北市三重區長壽西街1號
全家三重光榮店#02-89731943,新北市三重區長興街60號
全家三重重陽店#02-89810631,新北市三重區重陽路一段109號
全家三重重仁店#02-89883651,新北市三重區重陽路三段5巷30號
全家三重天台店#02-29744755,新北市三重區重新路二段78號
全家三重中興店#02-29992889,新北市三重區重新路五段595號
全家三重湯城店#02-29992495,新北市三重區重新路五段609巷14號之7
全家三重新運店#02-29879457,新北市三重區捷運路19巷6弄20號1樓
全家三重頂崁店#02-29809001,新北市三重區頂崁街210巷31號
全家三重集勇店#02-28570741,新北市三重區集勇街19號
全家三重集明店#02-29738074,新北市三重區集美街116號
全家三重集美店#02-29742761,新北市三重區集美街149號1樓
全家三重溪尾店#02-22867450,新北市三重區溪尾街160號
全家三重福溪店#02-82873066,新北市三重區溪尾街56號
全家三重過圳店#02-29868554,新北市三重區過圳街3號1樓?
全家三重興德店#02-85124015,新北市三重區興德路123號
全家三重龍門店#02-29723089,新北市三重區龍門路276號
全家三重龍美店#02-29785611,新北市三重區龍濱路120號
全家三重龍明店#02-29781104,新北市三重區龍濱路168號
全家三重龍濱店#02-89763595,新北市三重區龍濱路207號
全家三重環北店#02-29736779,新北市三重區環河南路253號
全家三重集成店#02-29757564,新北市三重區環河南路254巷43之1號
全家新莊八德店#02-22014759,新北市新莊區八德街15巷2號
全家新莊天成店#02-29018545,新北市新莊區中山路三段125號1樓
全家新莊狀元店#02-29984996,新北市新莊區中平路268號
全家新莊中平店#02-29976597,新北市新莊區中平路294號
全家新莊立榮店#02-22764397,新北市新莊區中平路375號
全家新莊中永店#02-89920165,新北市新莊區中平路66號
全家新莊立德店#02-29924230,新北市新莊區中正路253號1樓
全家新莊福海店#02-22038885,新北市新莊區中正路401號
全家新莊龍鳳店#02-29017635,新北市新莊區中正路729號
全家新莊安和店#02-29036055,新北市新莊區中正路829巷22弄1號
全家新莊中和店#02-22798802,新北市新莊區中和街123號
全家新莊中環店#02-29906924,新北市新莊區中和街155巷2號1
全家新莊中信店#02-89919465,新北市新莊區中信街38號
全家新莊中原店#02-89920047,新北市新莊區中原路297號
全家新莊福壽店#02-29908643,新北市新莊區中原路45號
全家新莊新和港店#02-29938945,新北市新莊區中港一街143號
全家新莊中港店#02-29944832,新北市新莊區中港路126號
全家新莊中美店#02-22796927,新北市新莊區中港路413號
全家新莊華寧店#02-29946014,新北市新莊區中華路一段8號
全家新莊首富店#02-29902685,新北市新莊區中華路二段5號
全家新莊中榮店#02-29983442,新北市新莊區中榮街84號
全家新莊新工店#02-22989786,新北市新莊區五工二路81號
全家新莊展業店#02-22988504,新北市新莊區五權一路18號
全家新莊園寧店#02-29947894,新北市新莊區公園路72號
全家新莊福中店#02-85218303,新北市新莊區化成路734號
全家新莊福基店#02-85211601,新北市新莊區化成路812號
全家新莊天美店#02-29030732,新北市新莊區天祥街42號
全家新莊維新店#02-22041652,新北市新莊區四維路147號1樓
全家新莊民本店#02-22032338,新北市新莊區民本街23巷2號
全家新莊民欣店#02-22052687,新北市新莊區民安西路191號
全家新莊民榮店#02-22084852,新北市新莊區民安西路243號
全家新莊民安店#02-22083667,新北市新莊區民安西路38巷2號
全家新莊富安店#02-22046753,新北市新莊區民安路285-1號
全家新莊長明店#02-22054324,新北市新莊區民安路93號
全家新莊立信店#02-29982115,新北市新莊區立信一街12號
全家新莊自成店#02-29949824,新北市新莊區自信街2號1樓
全家新莊自強店#02-89916578,新北市新莊區自強街2號
全家新莊盛寧店#02-22030264,新北市新莊區西盛街151號1樓
全家新莊興盛店#02-22047033,新北市新莊區西盛街230號
全家新莊盛華店#02-22046755,新北市新莊區西盛街390號
全家新莊幸福店#02-29989690,新北市新莊區幸福路819號
全家新莊昌平店#02-29906374,新北市新莊區昌平街50號
全家新莊昌盛店#02-22764464,新北市新莊區昌盛街67號
全家新莊明中店#02-29937198,新北市新莊區明中街45號
全家新莊建中店#02-22779137,新北市新莊區建中路118號
全家新莊建興店#02-22015482,新北市新莊區建安街18號1樓
全家新莊建安店#02-22044299,新北市新莊區建安街42號
全家新莊學輔店#02-29018239,新北市新莊區建國一路2號
全家新莊建國店#02-29081905,新北市新莊區建國一路49號1樓右半?
全家新莊建明店#02-22044804,新北市新莊區後港一路30號
全家新莊昭德店#02-22083680,新北市新莊區後港二路25號
全家新莊頭前店#02-85217886,新北市新莊區思源路595號
全家新莊承展店#02-29940492,新北市新莊區復興路一段89號
全家新莊景德店#02-22064530,新北市新莊區景德路382號
全家新莊新泰店#02-29972384,新北市新莊區新泰路146號
全家新莊新立店#02-29922460,新北市新莊區新泰路225巷1號
全家新莊武廟店#02-29975613,新北市新莊區新莊路435號
全家新莊海山店#02-22042064,新北市新莊區新莊路741號
全家新莊新樹店#02-22075970,新北市新莊區新樹路613號
全家新莊萬安店#02-22037583,新北市新莊區萬安街80號
全家新莊裕民店#02-29017969,新北市新莊區裕民街97號
全家新莊福義店#02-29967428,新北市新莊區福壽街130號1樓
全家新莊仁義店#02-29962848,新北市新莊區福壽街38號1樓
全家新莊福祿店#02-89938193,新北市新莊區福壽街81號1樓
全家新莊福樂店#02-89923468,新北市新莊區福樂街30號1樓
全家新莊龍安店#02-29046102,新北市新莊區龍安路104號
全家新莊豐榮店#02-22069828,新北市新莊區豐年街53巷2號
全家新莊祥鳳店#02-29022674,新北市新莊區雙鳳路106之1號
全家新莊雙鳳店#02-29020631,新北市新莊區雙鳳路12號
全家新莊海豐店#02-22041914,新北市新莊區瓊泰路140號
野柳新港口店#02-24927310,新北市萬里區港東路68號
全家泰山民權店#02-22968230,新北市泰山區民權路29號
全家泰山全興店#02-22975119,新北市泰山區全興路165號
全家泰山福興店#02-85311767,新北市泰山區同興里福興一街60號1樓
全家泰山辭修店#02-22971269,新北市泰山區明志路一段374號
全家泰山明真店#02-22971772,新北市泰山區明志路二段216號1樓
全家泰山明豐店#02-29048829,新北市泰山區明志路二段383號
全家泰山義學店#02-29001245,新北市泰山區明志路二段47號
全家泰山工專店#02-29046856,新北市泰山區明志路三段170號
全家泰山泰林店#02-29000777,新北市泰山區泰林路二段109號
全家泰山憲訓店#02-29005487,新北市泰山區泰林路二段364號
全家泰山麗池店#02-29007046,新北市泰山區泰林路二段518號
全家泰山黎明店#02-22979445,新北市泰山區泰林路二段575號1樓
全家泰山貴子店#02-29036660,新北市泰山區貴子路28號
全家林口麗林店#02-26024790,新北市林口區中山路522號
全家林口南林店#02-26010881,新北市林口區中山路555號
全家林口東林店#02-86013370,新北市林口區中山路6號
全家林口中正店#02-26015562,新北市林口區中正路266號
全家林口僑大店#02-26014016,新北市林口區中正路39號
全家林口菁埔店#02-26017544,新北市林口區仁愛路一段292號
全家林口高中店#02-26016730,新北市林口區仁愛路二段162號
全家林口文園店#02-26090261,新北市林口區公園路178號1樓
全家林口隆林店#02-26022405,新北市林口區文化二路二段90號
全家林口新都店#02-26009183,新北市林口區文化三路一段557號
全家林口新林店#02-26009570,新北市林口區忠孝路128號
全家林口忠孝店#02-26085421,新北市林口區忠孝路601號
全家林口竹林店#02-26024731,新北市林口區林口路126號
全家林口中林店#02-86014581,新北市林口區林口路1號
全家林口南勢店#02-26007216,新北市林口區南勢街228號1樓
全家林口醒吾店#02-26031858,新北市林口區粉寮路7號
全家林口國宅店#02-26081140,新北市林口區麗園一街4巷1號
全家蘆洲恆德店#02-82814638,新北市蘆洲區三民路26巷22號
全家蘆洲中央店#02-82850698,新北市蘆洲區中央路56號
全家蘆洲中正店#02-22850587,新北市蘆洲區中正路168號
全家蘆洲正原店#02-22892773,新北市蘆洲區中正路185巷19號
全家蘆洲明原店#02-22827493,新北市蘆洲區中正路185巷98號
全家蘆洲福原店#02-22892264,新北市蘆洲區中原路79號
全家蘆洲華安店#02-28488839,新北市蘆洲區中華街6巷52號
全家蘆洲興賢店#02-82866445,新北市蘆洲區中興街60號
全家蘆洲民愛店#02-28474966,新北市蘆洲區仁愛路97號
全家蘆洲虹展店#02-82861330,新北市蘆洲區水湳街31號1樓
全家蘆洲民生店#02-22852487,新北市蘆洲區民生街109號
全家蘆洲玉清店#02-82822002,新北市蘆洲區民族路178號
全家蘆洲民族店#02-28470046,新北市蘆洲區民族路371號
全家蘆洲民華店#02-82831441,新北市蘆洲區民族路422巷82弄14及16號
全家蘆洲民星店#02-28472257,新北市蘆洲區民族路424號
全家蘆洲民仁店#02-82835024,新北市蘆洲區民族路448號
全家蘆洲仁德店#02-82812279,新北市蘆洲區民族路74號
全家蘆洲義興店#02-28484834,新北市蘆洲區民義街68巷2號1樓
全家蘆洲鷺江店#02-82851197,新北市蘆洲區民權路33號
全家蘆洲福安店#02-82854511,新北市蘆洲區民權路66號1樓
全家蘆洲永平店#02-82867322,新北市蘆洲區永平街32巷45弄36號
全家蘆洲太子店#02-82861276,新北市蘆洲區永安南路104號
全家蘆洲永華店#02-22898762,新北市蘆洲區永樂街28號1樓?
全家蘆洲永樂店#02-28470014,新北市蘆洲區永樂街38巷57弄1號1樓
全家蘆洲永成店#02-28487328,新北市蘆洲區永樂街83號
全家蘆洲光華店#02-82823555,新北市蘆洲區光華路132巷1號
全家蘆洲中華店#02-82814768,新北市蘆洲區和平路122號
全家蘆洲長興店#02-28481192,新北市蘆洲區長安街168號1樓
全家蘆洲長九店#02-28481228,新北市蘆洲區長安街1號
全家蘆洲成功店#02-82831373,新北市蘆洲區長安街248號
全家蘆洲長安店#02-28486496,新北市蘆洲區長安街307號
全家蘆洲信義店#02-82854161,新北市蘆洲區信義路220號1樓
全家蘆洲復興店#02-82852663,新北市蘆洲區復興路11號1樓
全家蘆洲復江店#02-22881963,新北市蘆洲區復興路150號
全家蘆洲民復店#02-28474947,新北市蘆洲區復興路210號
全家蘆洲集賢店#02-22897841,新北市蘆洲區集賢路237號
全家五股工商店#02-22933482,新北市五股區工商路81號
全家五股五權店#02-22984246,新北市五股區五工五路34號
全家五股五福店#02-82957618,新北市五股區五福村五福路24號
全家五股六福店#02-22931649,新北市五股區五福路70號1樓
全家五股德音店#02-22927441,新北市五股區水碓路10號
全家五股維興店#02-89813796,新北市五股區四維路78號
全家五股民義店#02-22942736,新北市五股區民義路二段16號1樓
全家五股水碓店#02-22977124,新北市五股區成泰路一段7巷21號
全家五股成泰店#02-22931703,新北市五股區成泰路三段577巷138號1樓
全家五股清水店#02-22919273,新北市五股區成泰路四段18號
全家五股貿商店#02-22936597,新北市五股區自強路154號1樓?
全家五股西雲店#02-22914843,新北市五股區西雲路189號
全家五股成州店#02-22938758,新北市五股區西雲路243號
全家五股御雲店#02-86717821,新北市五股區西雲路2號1樓
全家五股凌雲店#02-22941821,新北市五股區凌雲路一段81號
全家五股登林店#02-82956858,新北市五股區登林路100之7號
全家五股高亞店#02-29844397,新北市五股區興珍里中興路一段142號142之1號一
全家八里富城店#02-26192762,新北市八里區中山路二段468號1樓
全家八里華城店#02-86304933,新北市八里區中華路二段306號1樓
全家八里富塘店#02-86303914,新北市八里區訊塘路62號
全家八里船頭店#02-86304308,新北市八里區渡船頭街1號
全家八里春池店#02-26181950,新北市八里區龍米路一段206號
全家淡水興忠店#02-26263386,新北市淡水區大忠街43號
全家淡水金堡店#02-26236102,新北市淡水區中山北路二段185號1樓
全家淡水海揚店#02-26260459,新北市淡水區中正東路一段3巷20號
全家淡水正中店#02-26282285,新北市淡水區中正東路一段77號
全家淡水登峰店#02-28085461,新北市淡水區中正東路二段27號2樓
全家淡水天闊店#02-88091627,新北市淡水區中正東路二段35號
全家淡水淡海店#02-28050241,新北市淡水區中正路一段62巷2號
全家淡水水源店#02-26291496,新北市淡水區水源街一段124號
全家淡水日源店#02-26268976,新北市淡水區水源街一段26號
全家淡水英士店#02-26257308,新北市淡水區水源街一段82號B1
全家淡水新旭店#02-26253827,新北市淡水區北新路169巷35號1樓
全家淡水學城店#02-26299127,新北市淡水區北新路182巷21弄1之1號
全家淡水北新店#02-26292920,新北市淡水區北新路182巷39號
全家淡水竹圍店#02-28099936,新北市淡水區民生路58號
全家淡水世紀店#02-28084260,新北市淡水區民權路185-10號
全家淡水加州店#02-88093432,新北市淡水區民權路19號
全家淡水自強店#02-28080360,新北市淡水區自強路82號
全家淡水沙崙店#02-28050829,新北市淡水區沙崙路149號
全家淡水校園店#02-26209881,新北市淡水區英專路151號(淡大美食廣場B1部分)
全家淡水新莊店#02-26227867,新北市淡水區淡金路一段166號
全家淡水新埔店#02-28010625,新北市淡水區淡金路四段536號
全家淡水清英店#02-26260819,新北市淡水區清水街2號
全家淡水博愛店#02-26282199,新北市淡水區博愛街15號
全家淡水新城店#02-26251981,新北市淡水區新市一路三段103號
全家淡水新民店#02-26223099,新北市淡水區新民街180之6號
全家淡水旭陞店#02-26217371,新北市淡水區新生街53號
全家淡水新摩天店#02-26255587,新北市淡水區新春街184號
全家淡水福春店#02-26281994,新北市淡水區新春街2號
全家淡水新生店#02-26224332,新北市淡水區新興里大義街11號
全家淡水新興店#02-26230631,新北市淡水區新興街64號
全家淡水鄧公店#02-26282840,新北市淡水區鄧公路32巷1號
全家淡水淡大店#02-26237472,新北市淡水區學府路152號
全家淡水麗景店#02-26252260,新北市淡水區學府路30號1樓
金山中山店#02-24081325,新北市金山區中山路205號
金山金美店#02-24081821,新北市金山區中山路252號
板橋富山店#02-89641541,新北市板橋區三民路一段94號
板橋板三店#02-29614181,新北市板橋區三民路二段155號
板橋三民店#02-29629497,新北市板橋區三民路二段203之9號
板橋福樂店#02-29594290,新北市板橋區三民路二段21巷8號1樓
板橋長壽店#02-29572584,新北市板橋區三民路二段83號
板橋正隆店#02-29578305,新北市板橋區三民路二段正隆巷34號
板橋大仁店#02-29670947,新北市板橋區大仁街108-1號
板橋大安店#02-22753401,新北市板橋區大觀路二段37巷39號
板橋光仁店#02-29524560,新北市板橋區中山路二段23號
板橋光復店#02-29643847,新北市板橋區中山路二段503號
板橋大庭店#02-29670325,新北市板橋區中正路191號
板橋美庭店#02-29607413,新北市板橋區中正路216巷21號
板橋正光店#02-29672039,新北市板橋區中正路377號
板橋勝文店#02-82528693,新北市板橋區仁化街46號1樓
板橋介壽店#02-22556314,新北市板橋區介壽路20號
板橋新民店#02-22570742,新北市板橋區文化路一段188巷42號1樓
板橋文化店#02-22544632,新北市板橋區文化路一段280號
板橋致理店#02-22573074,新北市板橋區文化路一段315號
板橋新埔店#02-22553199,新北市板橋區文化路一段421巷16號
板橋龍江店#02-82535436,新北市板橋區文化路二段182巷3弄91號
板橋板文店#02-22559171,新北市板橋區文化路二段261號
板橋文聖店#02-82589185,新北市板橋區文聖街157號
板橋愛買店#02-89611618,新北市板橋區四川路一段367號
板橋帝國店#02-89675102,新北市板橋區四川路二段245巷3號1樓
板橋亞東店#02-89666372,新北市板橋區四川路二段47巷4弄2號
板橋羅德店#02-82573810,新北市板橋區四維路110號
板橋四維店#02-22542469,新北市板橋區四維路180號
板橋板維店#02-22561908,新北市板橋區四維路314號1樓
板橋廣隆店#02-29577130,新北市板橋區民生路一段33號
板橋中民店#02-29641424,新北市板橋區民生路二段20號
板橋文生店#02-22577864,新北市板橋區民生路二段228號
板橋金巨蛋店#02-22573505,新北市板橋區民生路二段250號1樓
板橋首富店#02-22514103,新北市板橋區民生路三段23號
板橋民生店#02-82583018,新北市板橋區民生路三段24號及26號及28號1樓
板橋懷翠店#02-22533457,新北市板橋區民治街97號
板橋民族店#02-89510850,新北市板橋區民族路61號
板橋民權店#02-29669737,新北市板橋區民權路204號
板橋永豐店#02-89541457,新北市板橋區永豐街205號
板橋永炘店#02-22591414,新北市板橋區光武街34號
板橋光華店#02-29654260,新北市板橋區光華街3號
板橋祝山店#02-22554105,新北市板橋區吳鳳路21巷2號
板橋和平店#02-29535609,新北市板橋區和平路100號
板橋大東店#02-89698004,新北市板橋區府中路127號1樓
板橋板農店#02-22723346,新北市板橋區府中路29之1號1樓
板橋大隆店#02-29533231,新北市板橋區忠孝路50號
板橋松柏店#02-82520901,新北市板橋區松柏街13號
板橋板長店#02-29545602,新北市板橋區板新路97號
板橋中勝店#02-22724924,新北市板橋區林園街2號
板橋公園店#02-26753572,新北市板橋區金門街206號
板橋金門店#02-86872697,新北市板橋區金門街299號
板橋金鑽店#02-26750923,新北市板橋區金門街29號
板橋金鑫店#02-86872745,新北市板橋區金門街376號
板橋安東店#02-29514997,新北市板橋區長安街138巷1弄50號
板橋長安店#02-29530078,新北市板橋區長安街210號
板橋長東店#02-89532025,新北市板橋區長安街331巷109號
板橋長江店#02-82536741,新北市板橋區長江路一段108號
板橋信陽店#02-29506920,新北市板橋區信義路72號
板橋西華店#02-29654122,新北市板橋區南雅西路二段170號
板橋佑昇店#02-22724469,新北市板橋區南雅南路一段60號
板橋再興店#02-22723167,新北市板橋區南雅南路一段7號
板橋大豐店#02-89612114,新北市板橋區重慶路278之1號
板橋新慶店#02-29511914,新北市板橋區重慶路60-1號
板橋運山店#02-89647745,新北市板橋區海山路33號
板橋國泰店#02-29596571,新北市板橋區國泰街37號
板橋莒安店#02-82536711,新北市板橋區莒光路131號
板橋莒光店#02-22593060,新北市板橋區莒光路225號
板橋光芒店#02-22564766,新北市板橋區莒光路42號
板橋富陽店#02-29689648,新北市板橋區復興街130號
板橋華興店#02-29524563,新北市板橋區華興街41號
板橋華陽店#02-22585156,新北市板橋區陽明街90號
板橋板民店#02-29545946,新北市板橋區新民街39號
板橋甫華店#02-89659345,新北市板橋區新生街27號
板橋新農店#02-22538884,新北市板橋區新海路328號
板橋富貴店#02-22599157,新北市板橋區新海路462號
板橋溪崑店#02-26876563,新北市板橋區溪崑二街134號
板橋千甲店#02-26758509,新北市板橋區溪崑二街26號
板橋大萬店#02-22591405,新北市板橋區萬板路32號
板橋裕民店#02-22586434,新北市板橋區裕民街44號
板橋裕盛店#02-22567681,新北市板橋區裕民街95號
板橋僑中店#02-22721601,新北市板橋區僑中一街100號1樓
板橋僑一店#02-29679685,新北市板橋區僑中一街124巷9弄1號
板橋橋興店#02-89651140,新北市板橋區僑中二街116巷2號
板橋國民店#02-29572609,新北市板橋區實踐路132號1樓
板橋東昇店#02-89647191,新北市板橋區漢生東路189號
板橋廣和店#02-89518657,新北市板橋區廣福里廣和街79號1樓
板橋崑崙店#02-86871600,新北市板橋區篤行路一段30號
板橋篤行店#02-26754322,新北市板橋區篤行路二段103號
板橋堂春店#02-26835266,新北市板橋區篤行路三段1號
板橋雙城店#02-29544584,新北市板橋區縣民大道二段106號1樓
板橋館欣店#02-22727691,新北市板橋區館前西路138號
板橋館前店#02-29512412,新北市板橋區館前東路106號
板橋龍泉店#02-82525758,新北市板橋區龍泉街122號
板橋美堤店#02-29682151,新北市板橋區龍興街71巷1號
板橋雙十店#02-22546231,新北市板橋區雙十路二段6之8號
板橋華江店#02-22554256,新北市板橋區雙十路三段54號
板橋江翠店#02-22525104,新北市板橋區懷德街127巷1號
板橋懷聖店#02-22505214,新北市板橋區懷德街201巷2號
汐止龍安店#02-26490723,新北市汐止區大同路二段184巷11號
汐止宏國店#02-86923110,新北市汐止區大同路二段283號
汐止經貿店#02-86473139,新北市汐止區大同路三段190號1樓
汐止大同店#02-86486545,新北市汐止區大同路三段269號
汐止農會店#02-86916715,新北市汐止區中正路106號
汐止福全店#02-26479466,新北市汐止區仁愛路149號
汐止桂冠店#02-26474855,新北市汐止區水源路二段34號
汐止伯爵店#02-26474757,新北市汐止區伯爵街52巷1號
汐止宜興店#02-26606803,新北市汐止區宜興街12號
汐止秀峰店#02-26919425,新北市汐止區忠孝東路228號
汐止新忠孝店#02-26919701,新北市汐止區忠孝東路258號
汐止橋東店#02-86475279,新北市汐止區忠孝東路402號
汐止明峰店#02-86931824,新北市汐止區明峰街160號
汐止站前店#02-86923096,新北市汐止區南昌街16號
汐止建成店#02-26476924,新北市汐止區建成路57巷2號
汐止建泰店#02-26902115,新北市汐止區建成路59巷2號(國泰醫院汐止院區)
汐止建安店#02-26418761,新北市汐止區建成路59巷9號
汐止茄苳店#02-86483560,新北市汐止區茄苳路86號
汐止康湖店#02-26931009,新北市汐止區康寧街141巷41號
汐止康寧店#02-26959946,新北市汐止區康寧街169巷23號1樓
汐止日月光店#02-26486322,新北市汐止區康寧街747號
汐止祥雲店#02-26462022,新北市汐止區祥雲街1號
汐止興莊店#02-86424336,新北市汐止區莊敬街32號
汐止新水蓮店#02-26909465,新北市汐止區湖前街110巷97弄24號
汐止鄉長店#02-26919409,新北市汐止區鄉長路一段27號1樓
汐止連新店#02-26919772,新北市汐止區新台五路一段151號
汐止青山店#02-26489817,新北市汐止區新台五路一段212號
汐止遠科店#02-86981189,新北市汐止區新台五路一段75號B1
汐止亞太二店#02-26960486,新北市汐止區新台五路一段82至116號(D8)
汐止亞太店#02-26969769,新北市汐止區新台五路一段96號C棟
汐止新興店#02-26919264,新北市汐止區新興路21號
汐止興福店#02-86932048,新北市汐止區福德二路134號
汐止長虹店#02-,新北市汐止區福德二路81之1號
汐止樟中店#02-86425058,新北市汐止區樟樹一路127號
汐止樟興店#02-26904033,新北市汐止區樟樹一路16號
汐止樟福店#02-86923181,新北市汐止區樟樹一路220號
汐止樟樹店#02-26424034,新北市汐止區樟樹二路279號及281號1樓
深坑埔新店#02-26641876,新北市深坑區埔新街93號
石碇雙溪店#02-26633324,新北市石碇區隆盛村雙溪58號
<td><td><td>
瑞芳傑魚坑店#02-24969517,新北市瑞芳區傑魚坑路62號
新店大新店#02-29102175,新北市新店區大新街7巷1號
新店福民店#02-22194351,新北市新店區中央路145號
新店新中央店#02-22197580,新北市新店區中央路63號
新店中正店#02-29128985,新北市新店區中正路321號
新店慶中店#02-22194319,新北市新店區中正路360號
新店百和店#02-22194606,新北市新店區中正路402號
新店大鵬店#02-22184729,新北市新店區中正路698號
新店中華店#02-86658913,新北市新店區中華路50號
新店新坡店#02-29159443,新北市新店區中興路一段216號
新店新寶安店#02-29157211,新北市新店區中興路三段209號
新店文強店#02-29107458,新北市新店區文化路21巷2號1樓
新店站前店#02-29147259,新北市新店區北宜路一段6號
新店長春店#02-82171585,新北市新店區北宜路二段149號1樓
新店美譚店#02-22171398,新北市新店區北宜路二段419號
新店忠誠店#02-29158815,新北市新店區北新路二段119號
新店永新店#02-29156613,新北市新店區北新路二段198號
新店民德店#02-89113923,新北市新店區民族路6號
新店民權店#02-86673437,新北市新店區民權路105號1樓?
新店寶元店#02-29156106,新北市新店區民權路19號
新店民佳店#02-86658005,新北市新店區民權路72號
新店皇家店#02-29499704,新北市新店區永平街27號
新店安和店#02-29475039,新北市新店區永平街89號1樓
新店君臨店#02-89419914,新北市新店區永安街76號
新店永業店#02-29131378,新北市新店區永業路81巷1弄1號
新店如意店#02-22101261,新北市新店區如意街29號
新店康城店#02-22124701,新北市新店區安民街196號
新店安民店#02-86662484,新北市新店區安民街1號1樓
新店陽光店#02-86665549,新北市新店區安忠路57巷10號1樓
新店永安店#02-86661942,新北市新店區安康路二段157號
新店德安店#02-86663307,新北市新店區安康路二段303號
新店城泰店#02-22143601,新北市新店區安康路三段311號1樓?
新店康橋店#02-22140466,新北市新店區安康路三段738,740號
新店襄陽店#02-82151522,新北市新店區安祥路104-10號
新店香坡店#02-22005350,新北市新店區安祥路113號
新店德順店#02-22121692,新北市新店區安德街120巷6號
新店康德店#02-22121574,新北市新店區安德街71巷2號
新店屈尺店#02-26666237,新北市新店區屈尺路60號
新店民族店#02-89193521,新北市新店區明德里民族路105號
新店玫瑰店#02-22103956,新北市新店區玫瑰路58巷1號1樓
新店新陽店#02-26669640,新北市新店區花園一路一段2號
新店江陵店#02-22190529,新北市新店區建國路219號
新店慈濟店#02-82192878,新北市新店區建國路289號B1慈濟醫院大愛美食坊
新店建興店#02-29128905,新北市新店區建國路85號
新店富貴店#02-22158436,新北市新店區富貴街12巷1號
新店翡翠店#02-26666421,新北市新店區新烏路三段188號
新店溪園店#02-82189189,新北市新店區溪園路389號
新店鑫泉店#02-86677615,新北市新店區溪園路401號
新店達鎮店#02-22139497,新北市新店區達觀路6號
新店光明店#02-86654542,新北市新店區廣明里光明街136號1樓
新店德正店#02-29126411,新北市新店區德正街27巷1號
新店寶中店#02-29117614,新北市新店區寶中路77號
新店橋興店#02-89192388,新北市新店區寶橋路235巷129號
新店寶工店#02-86657572,新北市新店區寶橋路235巷4號1樓
新店寶橋店#02-86657421,新北市新店區寶橋路45號
新店寶興店#02-86654892,新北市新店區寶橋路80號
新店福興店#02-29184961,新北市新店區寶興街43號
大溪仁和店#03-3900112,桃園縣大溪鎮仁和路二段219號
大溪介壽店#03-3896180,桃園縣大溪鎮介壽路363號
大溪崎頂店#03-3808479,桃園縣大溪鎮介壽路886號1樓?
大溪永昌店#03-3804394,桃園縣大溪鎮永昌路355號
大溪員林店#03-3900461,桃園縣大溪鎮員林路一段11號
大溪埔頂店#03-3907337,桃園縣大溪鎮埔頂路二段158號
大溪慈湖店#03-3885439,桃園縣大溪鎮復興路2號
大園蓮園店#03-3858411,桃園縣大園鄉大觀路602號
大園華園店#03-3854615,桃園縣大園鄉中華路61號
大園果林店#03-3936443,桃園縣大園鄉果林村拔子林23之83號
大園華航店#03-3931900,桃園縣大園鄉航站南路1號
大園航翔店#03-3995257,桃園縣大園鄉航翔路5號1樓
大園華儲店#03-3834223,桃園縣大園鄉航勤北路10之1號
大園園興店#03-3842104,桃園縣大園鄉新興路115號
蘆竹上興店#03-3134806,桃園縣蘆竹鄉上興路267號1樓
蘆竹大竹店#03-3237280,桃園縣蘆竹鄉大竹路492號
蘆竹興福店#03-3132705,桃園縣蘆竹鄉大竹路533號
蘆竹中福店#03-3129091,桃園縣蘆竹鄉中山路126號
蘆竹中山店#03-2122406,桃園縣蘆竹鄉中山路45號
蘆竹五福店#03-2223953,桃園縣蘆竹鄉五福一路34號
蘆竹六福店#03-2124152,桃園縣蘆竹鄉五福六路48號
蘆竹洛陽店#03-3112515,桃園縣蘆竹鄉光明路一段119號
蘆竹采都店#03-3122453,桃園縣蘆竹鄉吉林路152號
蘆竹奉順店#03-2121391,桃園縣蘆竹鄉奉化路106號
蘆竹風閣店#03-2122997,桃園縣蘆竹鄉奉化路152號
蘆竹南興店#03-3216536,桃園縣蘆竹鄉奉化路189號
蘆竹奉化店#03-3211379,桃園縣蘆竹鄉奉化路38號
蘆竹長壽店#03-3214825,桃園縣蘆竹鄉長春路67號1樓
蘆竹南山店#03-2121487,桃園縣蘆竹鄉南山路一段75,77號
蘆竹山腳店#03-3244499,桃園縣蘆竹鄉南山路三段278號
蘆竹錦興店#03-3125498,桃園縣蘆竹鄉南竹路一段110號
蘆竹南竹店#03-2124691,桃園縣蘆竹鄉南竹路一段68號1樓
蘆竹南崁店#03-3528210,桃園縣蘆竹鄉南崁路228號
蘆竹南科店#03-3127183,桃園縣蘆竹鄉南崁路一段328號
蘆竹光明店#03-3126604,桃園縣蘆竹鄉南興村南順六街57號1樓
蘆竹榮興店#03-3129571,桃園縣蘆竹鄉南興村南福街101號1樓
蘆竹海湖店#03-3542342,桃園縣蘆竹鄉海山路二段7號
蘆竹至誠店#03-3029733,桃園縣蘆竹鄉開南路1號
蘆竹開南店#03-2161494,桃園縣蘆竹鄉新興街120號
蘆竹新興店#03-3412097,桃園縣蘆竹鄉新興街138之2號
中壢中央一店#03-4206551,桃園縣中壢市中大路300號(女十四舍B1)
中壢中央二店#03-4265685,桃園縣中壢市中大路300號(男九舍)
中壢中央三店#03-4205531,桃園縣中壢市中大路300號(松苑餐廳1樓)
中壢仁美店#03-4369173,桃園縣中壢市中山東路三段203號
中壢南亞店#03-2830754,桃園縣中壢市中山東路三段414號1樓(志清樓)
中壢太子店#03-4665494,桃園縣中壢市中山東路三段51號
中壢農會店#03-4222900,桃園縣中壢市中山路97號
中壢中北店#03-4364237,桃園縣中壢市中北路31號
中壢龍凱店#03-4207322,桃園縣中壢市中央路218號1樓
中壢站前店#03-4265615,桃園縣中壢市中平路1號
中壢興中店#03-4257973,桃園縣中壢市中平路86號
中壢中正店#03-4279177,桃園縣中壢市中正路149號
中壢龍正店#03-4268507,桃園縣中壢市中正路35號
中壢環華店#03-4516327,桃園縣中壢市中華路一段227號
中壢日月光店#03-4557609,桃園縣中壢市中華路一段550號
中壢園福店#03-4622665,桃園縣中壢市中園路157號
中壢龍園店#03-4629416,桃園縣中壢市中園路15號
中壢宏大店#03-4535014,桃園縣中壢市中園路192號之2號
中壢萬能店#03-4620757,桃園縣中壢市中園路二段91號
中壢元化店#03-4279169,桃園縣中壢市元化路167號
中壢海華店#03-2807841,桃園縣中壢市元化路282號
中壢六合店#03-4255260,桃園縣中壢市六和路48號
中壢文中店#03-4332555,桃園縣中壢市文中路二段51之10號
中壢元生店#03-4341827,桃園縣中壢市文化二路252號
中壢日新店#03-4361235,桃園縣中壢市日新路24號
中壢三和店#03-4654605,桃園縣中壢市日新路80號
中壢月眉店#03-4989228,桃園縣中壢市月眉路一段599號
中壢弘揚店#03-4369375,桃園縣中壢市弘揚路64號
中壢元權店#03-4951945,桃園縣中壢市民權路340號
中壢富裕店#03-4523403,桃園縣中壢市永強街103號1樓
中壢永強店#03-4638489,桃園縣中壢市永強街118號1樓
中壢中美店#03-4269866,桃園縣中壢市光復街13號
中壢吉林店#03-4514926,桃園縣中壢市吉林二路79巷2號
中壢吉長店#03-4332312,桃園縣中壢市吉林路68號
中壢成章店#03-4355106,桃園縣中壢市成章一街117號
中壢復華店#03-4341338,桃園縣中壢市自強四路88號
中壢天晟店#03-4343442,桃園縣中壢市延平路149號
中壢忠孝店#03-4519387,桃園縣中壢市信義路76號
中壢西園店#03-4552182,桃園縣中壢市南園二路12號
中壢後站店#03-4593622,桃園縣中壢市健行路2號1樓
中壢永福店#03-4332396,桃園縣中壢市莊敬路900號
中壢十里店#03-4272590,桃園縣中壢市復興路161號
中壢復興店#03-4259562,桃園縣中壢市復興路1號
中壢市代店#03-4228332,桃園縣中壢市慈惠三街155號
中壢中原店#03-4363644,桃園縣中壢市新中北路239號
中壢禾凱店#03-4355908,桃園縣中壢市新中北路380號
中壢興廣店#03-4536026,桃園縣中壢市新中北路二段489號
中壢新美店#03-2806386,桃園縣中壢市新生路80號1樓
中壢柏德店#03-4382027,桃園縣中壢市實踐路221號
中壢大仁店#03-4367548,桃園縣中壢市實踐路86號
中壢榮安店#03-2850697,桃園縣中壢市榮安十三街205號
中壢榮福店#03-4612156,桃園縣中壢市榮安十五街27號
中壢忠福店#03-4616552,桃園縣中壢市福州二路396號
中壢福星店#03-4612709,桃園縣中壢市福星六街30號
中壢元大一店#03-4358022,桃園縣中壢市遠東路135號(元智大學宿舍區)
中壢元大二店#03-4357993,桃園縣中壢市遠東路135號(元智大學圖書館)
中壢民仁店#03-4630693,桃園縣中壢市興仁路二段297巷295號
中壢元智店#03-4358772,桃園縣中壢市興仁路二段63號
中壢龍川店#03-4371941,桃園縣中壢市龍川街3號1樓
中壢龍航店#03-4670906,桃園縣中壢市龍岡路一段204號
中壢龍岡店#03-4578429,桃園縣中壢市龍岡路二段115號
中壢龍興店#03-2841406,桃園縣中壢市龍岡路二段317號
中壢龍泉店#03-4688069,桃園縣中壢市龍岡路三段188號
中壢龍東店#03-4668249,桃園縣中壢市龍東路124號
中壢環中店#03-2853547,桃園縣中壢市環中東路208號
中壢大魯閣店#03-4335179,桃園縣中壢市環中東路561號
中壢環北店#03-4345363,桃園縣中壢市環北路303號
中壢香榭店#03-4934479,桃園縣中壢市環西路二段300巷27號
平鎮南東店#03-4397532,桃園縣平鎮市中豐路南勢二段1號
平鎮南勢店#03-4396949,桃園縣平鎮市中豐路南勢二段206號
平鎮文化店#03-4022702,桃園縣平鎮市文化街193號
平鎮振興店#03-4576430,桃園縣平鎮市北勢里和平路216號
平鎮平東店#03-4501388,桃園縣平鎮市平東路571號1樓
平鎮廣成店#03-4021451,桃園縣平鎮市民族路239號
平鎮民族店#03-4024798,桃園縣平鎮市民族路二段189號
平鎮義興店#03-4931646,桃園縣平鎮市育達路75號1樓
平鎮大仁店#03-4575027,桃園縣平鎮市金陵路三段68號
平鎮安豐店#03-4396499,桃園縣平鎮市南平路115號．117號
平鎮振平店#03-4285358,桃園縣平鎮市振平街146號1樓
平鎮新德店#03-4936884,桃園縣平鎮市振興西路138號1樓
平鎮金陵店#03-4595352,桃園縣平鎮市振興路116號
平鎮崇義店#03-4028238,桃園縣平鎮市崇義六街2號
平鎮義廣店#03-4931243,桃園縣平鎮市廣明路59號
平鎮廣南店#03-4024499,桃園縣平鎮市環南路二段37號
平鎮廣南店#03-4024499,桃園縣平鎮市環南路二段37號
平鎮廣南店#03-4024499,桃園縣平鎮市環南路二段37號
龍潭龍昌店#03-4797183,桃園縣龍潭鄉大昌路二段80號
龍潭興龍店#03-4809934,桃園縣龍潭鄉中正路148號
龍潭五福店#03-4807507,桃園縣龍潭鄉中正路187號之9
龍潭軍醫店#03-4096642,桃園縣龍潭鄉中興路168號
龍潭九龍店#03-4095974,桃園縣龍潭鄉中興路336號
龍潭中興店#03-4990684,桃園縣龍潭鄉中興路65號
龍潭兄弟店#03-4092818,桃園縣龍潭鄉民生路10號
龍潭百年店#03-4097375,桃園縣龍潭鄉百年路19號
龍潭龍聖店#03-4096182,桃園縣龍潭鄉梅龍路189號1樓
龍潭華映二店#03-4091583,桃園縣龍潭鄉華映路1號
龍潭龍科店#03-4993719,桃園縣龍潭鄉龍科街228號
楊梅楊光店#03-4827453,桃園縣楊梅市中山北路二段48之1號
楊梅天成店#03-4789798,桃園縣楊梅市中山里中山北路一段360之1號1樓
楊梅富岡店#03-2821711,桃園縣楊梅市中正路95號
楊梅光華店#03-4812561,桃園縣楊梅市文化街259號
楊梅埔心店#03-4315180,桃園縣楊梅市永美路210號
楊梅永美店#03-4825087,桃園縣楊梅市永美路393之1號1樓
楊梅華映店#03-4881704,桃園縣楊梅市行善路80號
楊梅秀才店#03-4750858,桃園縣楊梅市秀才路313號
楊梅陸頂店#03-2889530,桃園縣楊梅市高山里南高頂10之1號
楊梅梅獅店#03-4316449,桃園縣楊梅市梅獅路二段233號
楊梅瑞梅店#03-4312535,桃園縣楊梅市梅獅路二段69之1號
楊梅楊湖店#03-4759039,桃園縣楊梅市湖山街20號
楊梅新成店#03-4855816,桃園縣楊梅市新成路171號
楊梅民族店#03-4207805,桃園縣楊梅市新榮里民族路五段551巷11弄1號
楊梅幼獅店#03-4965695,桃園縣楊梅市獅一路1之6號
楊梅北都店#03-4314050,桃園縣楊梅市裕成南路332號
楊梅裕成店#03-4814651,桃園縣楊梅市裕成路160號
新屋新榮店#03-4203933,桃園縣新屋鄉新榮路216號
新屋高榮店#03-4207458,桃園縣新屋鄉新榮路88號
觀音敬業店#03-4160058,桃園縣觀音鄉成功路一段551號1樓
觀音成功店#03-4831031,桃園縣觀音鄉成功路二段829號
觀音忠愛店#03-4989002,桃園縣觀音鄉忠愛路1號
桃園車站店#03-3317405,桃園縣桃園市大同路28號1樓
桃園冠倫店#03-3562892,桃園縣桃園市大有路554號
桃園後站店#03-3642526,桃園縣桃園市大林路71號1樓
桃園大業店#03-3170925,桃園縣桃園市大業路一段137號
桃園元富店#03-3355731,桃園縣桃園市大業路一段46＆48號
桃園御賞店#03-2161611,桃園縣桃園市大興西路二段128號
桃園鶴岡店#03-2160572,桃園縣桃園市大興西路二段139巷77號
桃園大豐店#03-3642026,桃園縣桃園市大豐路102號1樓
桃園朝陽店#03-3381667,桃園縣桃園市中山東路17號
桃園國陽店#03-3377356,桃園縣桃園市中山東路32號之21號1樓
桃園中山店#03-3334800,桃園縣桃園市中山路505號
桃園中聖店#03-3708946,桃園縣桃園市中山路849號1樓
桃園吉昌店#03-2207751,桃園縣桃園市中平路32號
桃園世貿店#03-3577571,桃園縣桃園市中正路1069號
桃園中寧店#03-3589158,桃園縣桃園市中正路1167號
桃園同德店#03-3588136,桃園縣桃園市中正路1316號
桃園站前店#03-3367478,桃園縣桃園市中正路13及15及17號
桃園東埔店#03-3357105,桃園縣桃園市中正路378號
桃園和信店#03-3366772,桃園縣桃園市中正路48巷16號
桃園北埔店#03-3315307,桃園縣桃園市中正路511號
桃園大興店#03-3027647,桃園縣桃園市中正路927號
桃園南中店#03-3466658,桃園縣桃園市中埔六街54號
桃園明德店#03-3362313,桃園縣桃園市中華路3號1樓之9
桃園德壽店#03-3768427,桃園縣桃園市介壽路412號
桃園民安店#03-3397059,桃園縣桃園市民生路74號
桃園民光店#03-3588972,桃園縣桃園市民光東路120號
桃園縣安店#03-3335813,桃園縣桃園市民安路99號
桃園京采店#03-3173687,桃園縣桃園市永安北路422號1樓之1
桃園永安店#03-3395404,桃園縣桃園市永安路219號
桃園中埔店#03-3414897,桃園縣桃園市同德十街35號
桃園德中店#03-3575292,桃園縣桃園市同德六街172號
桃園東陽店#03-3395478,桃園縣桃園市成功路二段69號1樓
桃園建國店#03-3766328,桃園縣桃園市延平路135之1號1樓
桃園長沙店#03-3634586,桃園縣桃園市長沙街72號
桃園南平店#03-3463509,桃園縣桃園市南平路194號
桃園同安店#03-3586804,桃園縣桃園市南平路211號
桃園文化店#03-3325773,桃園縣桃園市南華街111號
桃園建新店#03-3751735,桃園縣桃園市建新街88號
桃園雙峰店#03-3574191,桃園縣桃園市春日路736號
桃園桃都店#03-3716791,桃園縣桃園市桃鶯路388號
桃園大智店#03-3679101,桃園縣桃園市桃鶯路445之1號
桃園國強店#03-3708336,桃園縣桃園市國強一街218號
桃園鼎聖店#03-3922199,桃園縣桃園市國鼎一街28號
桃園莊一店#03-3176139,桃園縣桃園市莊一街88號
桃園莊敬店#03-3585850,桃園縣桃園市莊敬路一段376號
桃園莊園店#03-2160387,桃園縣桃園市莊敬路二段243之1號
桃園玉山店#03-3331571,桃園縣桃園市復興路387號
桃園慈文店#03-3558536,桃園縣桃園市愛九街112號
桃園慈光店#03-2160399,桃園縣桃園市慈光街99號
桃園慈德店#03-3576709,桃園縣桃園市慈德街1號
桃園大盛店#03-3586001,桃園縣桃園市經國路142號
桃園麗品店#03-3469068,桃園縣桃園市經國路223號
桃園天祥店#03-3562389,桃園縣桃園市經國路451號
桃園縣政店#03-3384179,桃園縣桃園市縣府路88之1號
桃園龍安店#03-2172781,桃園縣桃園市龍安街169之3號
桃園金寶店#03-3268325,桃園縣桃園市寶山街265號1樓
桃園寶山店#03-3579430,桃園縣桃園市寶山街375號
龜山長勤店#03-2118359,桃園縣龜山鄉文化一路261號1樓(庚勤樓3樓)
龜山文銓店#03-3284576,桃園縣龜山鄉文化七路186號1樓
龜山文化店#03-3185204,桃園縣龜山鄉文化村復興一路102號1樓
龜山自強店#03-3207774,桃園縣龜山鄉自強南路71.73號
龜山幸美店#03-3197009,桃園縣龜山鄉幸美九街27號1樓
龜山幸福店#03-3196352,桃園縣龜山鄉幸福一街24號
龜山忠義店#03-3494488,桃園縣龜山鄉忠義路一段56號
龜山明德店#03-3206513,桃園縣龜山鄉明德路4號
龜山仟園店#03-3203596,桃園縣龜山鄉長峰路8號
蘆竹南上店#03-3115193,桃園縣龜山鄉南上路434號
龜山陸光店#03-2132197,桃園縣龜山鄉陸光路98號
龜山頂興店#03-3590358,桃園縣龜山鄉頂興路39之6號1
龜山文欣店#03-3279270,桃園縣龜山鄉復興一路74號1樓
龜山華亞店#03-3974293,桃園縣龜山鄉復興三路667號
龜山雲蓮店#03-3183365,桃園縣龜山鄉復興街302號
龜山龍華店#02-82092667,桃園縣龜山鄉萬壽路一段116號
龜山光啟店#02-82001363,桃園縣龜山鄉萬壽路一段268之3號
龜山龍壽店#02-82001091,桃園縣龜山鄉萬壽路一段93號
龜山萬壽店#03-3501272,桃園縣龜山鄉萬壽路二段662號
龜山德明店#03-3509883,桃園縣龜山鄉德明路105號
龜山銘園店#03-3297518,桃園縣龜山鄉德明路5號(第二餐廳旁)
龜山銘美店#03-3197261,桃園縣龜山鄉德明路5號1樓
八德桃華店#03-2172762,桃園縣八德市中華路268號
八德介壽店#03-3645872,桃園縣八德市介壽路一段643號
八德富順店#03-3650546,桃園縣八德市介壽路二段1024號
八德瑞祥店#03-3731140,桃園縣八德市介壽路二段1231號
八德永福店#03-3761401,桃園縣八德市永福西街32巷1號
八德永豐店#03-3709762,桃園縣八德市永豐路603號1樓
八德和平店#03-3710180,桃園縣八德市和平路818號
八德忠孝店#03-3666430,桃園縣八德市忠孝街15號
八德建國店#03-3713364,桃園縣八德市建國路657號1樓
八德茄苳店#03-3715371,桃園縣八德市茄苳路846號1樓
八德桃鶯店#03-3621084,桃園縣八德市桃鶯路34號
八德高城店#03-2171167,桃園縣八德市高城路40號一樓
八德智光店#03-3740059,桃園縣八德市陸光街47號
八德新興店#03-3775940,桃園縣八德市新興路301號
八德瑞德店#03-3658715,桃園縣八德市瑞德里介壽路二段1382號1樓
八德東勇店#03-3762037,桃園縣八德市義勇街114號
八德銀和店#03-3746651,桃園縣八德市銀和街29~31號
八德德富店#03-3756696,桃園縣八德市廣福路805號
竹北新竹義店#03-5528422,新竹縣竹北市三民路88號1樓
竹北中正西店#03-5528316,新竹縣竹北市中正西路149號1樓
竹北竹安店#03-5536007,新竹縣竹北市中正東路313號
竹北宏福店#03-6571083,新竹縣竹北市光明一路236號1樓?
竹北竹采店#03-5505119,新竹縣竹北市成功一街82號
竹北自強店#03-5505530,新竹縣竹北市自強南路52號
竹北莊敬店#03-6580923,新竹縣竹北市莊敬南路52號
竹北竹愛店#03-5554949,新竹縣竹北市博愛街426-1號
竹北台元店#03-5552394,新竹縣竹北市博愛街523號1樓
竹北新華興店#03-5517240,新竹縣竹北市華興街287號1樓
竹北嘉豐店#03-6578910,新竹縣竹北市嘉豐五路二段79號1樓
竹北東元店#03-5534117,新竹縣竹北市縣政二路85號
湖口千禧店#03-5696076,新竹縣湖口鄉千禧路1號1樓
湖口新工業店#03-5977127,新竹縣湖口鄉工業一路36號1樓
湖口中大店#03-6991002,新竹縣湖口鄉中山路三段530號
湖口營區店#03-5974297,新竹縣湖口鄉五四二旅228營站號
湖口文和店#03-5976181,新竹縣湖口鄉仁和路180號
湖口達仁店#03-,新竹縣湖口鄉仁樂路118號
湖口文化店#03-5978323,新竹縣湖口鄉文化路32號
湖口錸德店#03-5972536,新竹縣湖口鄉光復北路50號2樓
湖口安宅店#03-5978625,新竹縣湖口鄉光復東路135號
湖口成功店#03-5900098,新竹縣湖口鄉成功路128號
湖口吉勝店#03-5977531,新竹縣湖口鄉勝利路二段1號
湖口仁和店#03-5971288,新竹縣湖口鄉鳳凰村仁和路45號
新豐尚仁店#03-5579285,新竹縣新豐鄉尚仁街131號1樓
新豐建興店#03-5574185,新竹縣新豐鄉建興路32號
新豐松林店#03-5575748,新竹縣新豐鄉新興路111號
新豐明新店#03-5577975,新竹縣新豐鄉新興路1號
新豐宏達店#03-5578834,新竹縣新豐鄉新興路80號1樓
新埔埔德店#03-5880669,新竹縣新埔鎮中正路629號1樓
新埔亞東店#03-5894252,新竹縣新埔鎮文山路亞東段段127號
新埔文山店#03-5891367,新竹縣新埔鎮文山路黎頭山段863號
關西宏義店#03-5170455,新竹縣關西鎮正義路27號1樓
竹東工研店#03-5834633,新竹縣竹東鎮中興路四段195號52館1樓
竹東大鄉店#03-5104813,新竹縣竹東鎮中豐路三段97號,99號1樓
竹東興仁店#03-5947181,新竹縣竹東鎮仁愛路446號
竹東北興店#03-5967896,新竹縣竹東鎮北興路三段503號1樓
竹東上舜店#03-5832801,新竹縣竹東鎮光明路261號
竹東東峰店#03-5103509,新竹縣竹東鎮東峰路162號
竹東東寧店#03-5940109,新竹縣竹東鎮東寧路三段151號
竹東商華店#03-5102905,新竹縣竹東鎮東寧路三段25號
新竹廟口店#03-5244817,新竹市北區中山路90號
新竹四維店#03-5220669,新竹市北區中華路三段2號
新竹五府店#03-5365402,新竹市北區天府路175號
新竹中山店#03-5268570,新竹市北區四維路91號
新竹新美店#03-5421870,新竹市北區田美三街47號
新竹光田店#03-5312245,新竹市北區光田里水田街146號1樓
新竹光華店#03-5427691,新竹市北區光華北街63號
新竹華東店#03-5338455,新竹市北區光華東街51號
新竹西大店#03-5258280,新竹市北區西大路402號
新竹大竹店#03-5326698,新竹市北區西大路848號
新竹師專店#03-5245011,新竹市北區西門街203號1樓
新竹雅富店#03-5219468,新竹市北區延平路一段121號
新竹大鵬店#03-5244772,新竹市北區延平路一段400號
新竹西濱店#03-5369483,新竹市北區東大路四段97號
新竹荷蘭村店#03-5451966,新竹市北區武陵路175巷2號
新竹新武陵店#03-5426961,新竹市北區武陵路267號
新竹鐵道店#03-5339257,新竹市北區武陵路268號
新竹正群店#03-5329912,新竹市北區武陵路36號
新竹武東店#03-5409154,新竹市北區武陵路71號
新竹國光店#03-5334587,新竹市北區經國路二段190號
新竹新日光店#03-5794586,新竹市東區力行三路7號1樓
新竹頎邦二店#03-5678788,新竹市東區力行五路3號
新竹旺宏店#03-5631811,新竹市東區力行路16號
新竹茂德店#03-6686590,新竹市東區力行路19號
新竹大同店#03-5277520,新竹市東區大同路16號
新竹科館店#03-5678869,新竹市東區工業東二路1號1樓
新竹經華店#03-5341261,新竹市東區中華路一段101號
新竹竹華店#03-5256233,新竹市東區中華路二段672號
新竹公道店#03-5736843,新竹市東區公道五路二段132號
新竹建美店#03-5165610,新竹市東區公道五路二段271號
新竹德安店#03-5711545,新竹市東區公道五路二段89號1樓
新竹新民店#03-5241565,新竹市東區北大路252號
新竹民生店#03-5313769,新竹市東區民生路258號
新竹民族店#03-5330300,新竹市東區民族路139號
新竹交大店#03-5739817,新竹市東區光明里大學路1001之2號1樓
新竹龍安店#03-5798715,新竹市東區光復路一段525巷23之1號
新竹清大店#03-5718490,新竹市東區光復路二段101號(風雲樓3樓)
新竹東光店#03-5733872,新竹市東區光復路二段407號
新竹竹科店#03-5770320,新竹市東區竹村七路7號1樓
新竹竹蓮店#03-5620023,新竹市東區竹蓮街104號
新竹五福店#03-5292709,新竹市東區明湖路1255號
新竹向陽店#03-5208093,新竹市東區明湖路646號
新竹東品店#03-5751800,新竹市東區東南街197號
新竹金科店#03-5770176,新竹市東區金山街162號1樓
新竹十一街店#03-5799553,新竹市東區金山街63號1樓
新竹長春店#03-5678532,新竹市東區長春街2號
新竹花園店#03-5628766,新竹市東區南大路13號
新竹新興店#03-5629557,新竹市東區南大路577號
新竹師苑店#03-5618432,新竹市東區南大路636號
新竹東大店#03-5619916,新竹市東區南大路83號
新竹建源店#03-5748788,新竹市東區建中一路60號
新竹公學店#03-5748909,新竹市東區建功一路99號1樓
新竹旺宏二店#03-5798371,新竹市東區研新三路3號1樓
新竹民治店#03-5643240,新竹市東區科學園路90號
新竹品明店#03-5625101,新竹市東區食品路406號
新竹食品店#03-5753302,新竹市東區食品路47號
新竹頎邦店#03-6687601,新竹市東區展業一路10號
新竹翠峰店#03-6667396,新竹市東區高翠路375號
新竹凌陽店#03-5776227,新竹市東區創新一路19號6樓
新竹雲崗店#03-5678517,新竹市東區新莊街211號
新竹新莊店#03-5794795,新竹市東區新莊街52號1樓
新竹國公店#03-5438331,新竹市東區經國路一段217號
新竹寶山店#03-5779007,新竹市東區寶山路448號
新竹中隘店#03-5181480,新竹市香山區中華路六段667號
新竹中華店#03-5183072,新竹市香山區五福路二段776號
新竹元村店#03-5303904,新竹市香山區元培街197號
新竹元培店#03-5304425,新竹市香山區元培街339號1樓
新竹內湖店#03-5377351,新竹市香山區內湖路39號
新竹東埔店#03-5401779,新竹市香山區牛埔東路196號1樓
新竹玄奘店#03-5403055,新竹市香山區玄奘路48號1樓
新竹六合店#03-5385380,新竹市香山區延平路二段1461號1樓
新竹延平店#03-5380450,新竹市香山區延平路二段727巷1號
新竹大庄店#03-5402252,新竹市香山區香北路86號
蘇澳馬賽店#03-9909822,宜蘭縣蘇澳鎮大同路7號1樓
蘇澳漁港店#03-9955287,宜蘭縣蘇澳鎮江夏路19號
蘇澳聖湖店#03-9954216,宜蘭縣蘇澳鎮聖湖里中山路二段31號
蘇澳車頭店#03-9952603,宜蘭縣蘇澳鎮蘇南里中山路一段63號
宜蘭南館店#03-9367350,宜蘭縣宜蘭市中山路三段20號
宜蘭北門店#03-9312463,宜蘭縣宜蘭市中山路三段210號1樓
宜蘭吳沙店#03-9280672,宜蘭縣宜蘭市中山路五段89號
宜蘭文昌店#03-9356428,宜蘭縣宜蘭市文昌路120號
宜蘭延平店#03-9373841,宜蘭縣宜蘭市延平路38號
宜蘭東港店#03-9373859,宜蘭縣宜蘭市慈安里東港路84號
頭城青雲店#03-9779078,宜蘭縣頭城鎮青雲路三段132號
宜蘭大溪店#03-9781195,宜蘭縣頭城鎮濱海路五段470號
礁溪德陽店#03-9880963,宜蘭縣礁溪鄉礁溪路五段71號
礁溪協天店#03-9888097,宜蘭縣礁溪鄉礁溪路四段30號
壯圍美功店#03-9309263,宜蘭縣壯圍鄉美功路168號
宜蘭內員山店#03-9233004,宜蘭縣員山鄉溫泉路10之1號
羅東南門店#03-9574266,宜蘭縣羅東鎮中正路1號
羅東公正店#03-9511509,宜蘭縣羅東鎮公正路551號?
羅東北城店#03-9616687,宜蘭縣羅東鎮四育路71號
羅東天祥店#03-9534547,宜蘭縣羅東鎮南昌東街39號1樓
羅東復興店#03-9559720,宜蘭縣羅東鎮復興路二段102號
羅東倉前店#03-9578240,宜蘭縣羅東鎮興東路161號
羅東金鼎店#03-9578277,宜蘭縣羅東鎮興東路8之1號
宜蘭三星店#03-9892263,宜蘭縣三星鄉三星路五段3號
宜蘭五結店#03-9603371,宜蘭縣五結鄉五結中路17號
五結福興店#03-9602262,宜蘭縣五結鄉五結路三段1號
五結興盛店#03-9553470,宜蘭縣五結鄉五結路三段751號1樓
五結濱海店#03-9503632,宜蘭縣五結鄉五濱路二段230號
五結利成店#03-9604760,宜蘭縣五結鄉利成路一段1號
五結利澤店#03-9604483,宜蘭縣五結鄉利成路二段390號
冬山義成店#03-9585625,宜蘭縣冬山鄉義成路三段316號
宜蘭廣興店#03-9616871,宜蘭縣冬山鄉廣興路237號
宜蘭廣源店#03-9517357,宜蘭縣冬山鄉廣興路48號
竹南京元店#037-670239,苗栗縣竹南鎮中華路118號
竹南頂埔店#037-667156,苗栗縣竹南鎮中華路135號1樓
竹南中華店#037-595730,苗栗縣竹南鎮中華路189號
竹南公義店#037-585452,苗栗縣竹南鎮公義路1354號
竹南廣源店#037-586466,苗栗縣竹南鎮公義路1636號
竹南崁頂店#037-614709,苗栗縣竹南鎮永貞路二段149號
竹南光華店#037-484619,苗栗縣竹南鎮光復路241號
竹南龍佳店#037-615681,苗栗縣竹南鎮佳北二路1號
竹南超豐店#037-621829,苗栗縣竹南鎮佳興里公義路136號5樓
竹南家扶店#037-584849,苗栗縣竹南鎮科學路160號1樓?
竹南環愛店#037-475253,苗栗縣竹南鎮博愛街297號
竹南七囍店#037-550625,苗栗縣竹南鎮勤興街135號
竹南龍天店#037-474675,苗栗縣竹南鎮聖福里龍天路57號1樓
竹南龍鳳店#037-479480,苗栗縣竹南鎮龍山路一段167號
竹南環營店#037-480422,苗栗縣竹南鎮環市路一段162號
竹南環市店#037-478611,苗栗縣竹南鎮環市路二段75號
頭份斗煥店#037-691198,苗栗縣頭份鎮大營路1號
頭份中央店#037-676449,苗栗縣頭份鎮中央路76號
頭份信東店#037-662980,苗栗縣頭份鎮中華路1135號1樓?
頭份武昌店#037-662470,苗栗縣頭份鎮中華路1322號1樓
頭份立華店#037-695982,苗栗縣頭份鎮中華路600-8號
頭份公園店#037-637836,苗栗縣頭份鎮公園路2號
頭份文化店#037-687195,苗栗縣頭份鎮文化街209號
頭份雙民店#037-594283,苗栗縣頭份鎮民族路196號
頭份田寮店#037-637825,苗栗縣頭份鎮自強路二段628號
頭份和平店#037-595069,苗栗縣頭份鎮和平路83號
頭份八寶店#037-625806,苗栗縣頭份鎮信義路533號
頭份建國店#037-696372,苗栗縣頭份鎮建國路136號
頭份親民店#037-604558,苗栗縣頭份鎮珊瑚里學府路98號1樓
苑裡甜心店#037-741579,苗栗縣苑裡鎮山柑里9鄰山柑93號
苑裡社苓店#037-745382,苗栗縣苑裡鎮社苓里社苓110-5號
苑裡信義店#037-867769,苗栗縣苑裡鎮信義路89號
苗栗大利店#037-369349,苗栗縣苗栗市中正路1132號
苗栗富樂店#037-358638,苗栗縣苗栗市中正路399號
苗栗大發店#037-265563,苗栗縣苗栗市中華路602號
苗栗玉清店#037-373733,苗栗縣苗栗市玉清里玉清路38號1樓
苗栗自治店#037-368221,苗栗縣苗栗市自治路162號
苗栗福慶店#037-370146,苗栗縣苗栗市至公路581號
苗栗大公店#037-275032,苗栗縣苗栗市為公路456號
苗栗嘉盛店#037-261827,苗栗縣苗栗市為公路735號
苗栗英才店#037-372848,苗栗縣苗栗市英才路127號
苗栗嘉新店#037-267843,苗栗縣苗栗市國華路126號
苗栗大勝店#037-325993,苗栗縣苗栗市新東街142號
大里大明店#04-24870979,台中市大里區大明路168號
大里捷勝店#04-24068342,台中市大里區大明路517號
大里工業店#04-24918981,台中市大里區工業路96號
大里大發店#04-24964207,台中市大里區中興路一段109之5號1樓
大里永興店#04-24837840,台中市大里區中興路二段156號
大里振坤店#04-24918303,台中市大里區仁化路455號
大里內新店#04-24866921,台中市大里區內新街54號1樓
大里日新店#04-24838943,台中市大里區日新路429號
大里永勝店#04-24061062,台中市大里區永隆里大明路469號1樓
大里順發店#04-24069634,台中市大里區永隆路209號
大里立新店#04-22754133,台中市大里區立新街321號1樓
大里河堤店#04-22751784,台中市大里區立德里立中街9號
大里東芳店#04-24953985,台中市大里區東南路142號
大里大金店#04-24963848,台中市大里區長春路78巷50號
大里益民店#04-24813483,台中市大里區益民路二段173號,<p>
大里大功店#04-24821224,台中市大里區國光路二段38號
大里爽文店#04-24069756,台中市大里區爽文路870-1號
大里新生店#04-24853381,台中市大里區現岱路187號189號1樓
大里新城店#04-24935172,台中市大里區塗城路291號
大里金城店#04-24935341,台中市大里區塗城路537號
大里塗城店#04-24930415,台中市大里區塗城路742號1樓
大里立仁店#04-22777327,台中市大里區新仁里立仁路83號
大里天下店#04-22733210,台中市大里區新仁路一段217巷61號
大里瑞城店#04-24968665,台中市大里區瑞城一街2號
大里美群店#04-24951981,台中市大里區瑞城里塗城路387號1樓
霧峰金來店#04-23397586,台中市霧峰區中正路803號1樓
霧峰中投店#04-23306848,台中市霧峰區中投西路二段430號
霧峰五福店#04-23332687,台中市霧峰區六股路292號
霧峰九德店#04-23396632,台中市霧峰區四德路204號
霧峰八德店#04-23338548,台中市霧峰區四德路371號
霧峰吉峰店#04-23396552,台中市霧峰區民生路353號
霧峰錦峰店#04-23309719,台中市霧峰區吉峰路85號
霧峰亞洲店#04-23391650,台中市霧峰區柳豐路466號
霧峰振興店#04-23303497,台中市霧峰區振興東街2號
霧峰樹人店#04-23392106,台中市霧峰區樹仁路56號
霧峰六順店#04-23326387,台中市霧峰區錦州路200號1樓
烏日成功店#04-23365155,台中市烏日區中山路三段242號
烏日成功嶺店#04-23362624,台中市烏日區中山路三段502號
烏日成功二店#04-23369457,台中市烏日區中山路三段502號(904旅)
烏日九德店#04-23360807,台中市烏日區中華路353號1樓
烏日高鐵店#04-23387882,台中市烏日區光日路356號
烏日明道店#04-23361577,台中市烏日區信義街149號
烏日溪南店#04-23354527,台中市烏日區溪南路一段607號
烏日成嶺店#04-23383348,台中市烏日區學田路719號
豐原社皮店#04-25152711,台中市豐原區三角路81號
豐原豐富店#04-25229385,台中市豐原區水源路450-1號
豐原水源店#04-25299229,台中市豐原區水源路中坑巷23號
豐原永康店#04-25201374,台中市豐原區永康路215之1號
豐原田心店#04-25294235,台中市豐原區田心路二段261號
豐原互助店#04-25346526,台中市豐原區西勢路411號
豐原社興店#04-25253429,台中市豐原區社興五街1號
豐原綠山店#04-25294152,台中市豐原區南陽路60號
豐原豐東店#04-25294832,台中市豐原區豐東路122號
豐原騰偉店#04-25227617,台中市豐原區豐東路239號
豐原豐南店#04-25200705,台中市豐原區豐南街133號
豐原真樂店#04-25204834,台中市豐原區豐勢路二段787號
后里中興店#04-25585270,台中市后里區甲后路265號
東勢嶺先店#04-25774305,台中市東勢區東崎街287號1樓
東勢勢林店#04-25881752,台中市東勢區勢林街230號
東勢東豐店#04-25772350,台中市東勢區豐勢路215號
東勢豐勢店#04-25773245,台中市東勢區豐勢路482號
新社興安店#04-25823085,台中市新社區興社街四段26號
潭子大豐店#04-25324851,台中市潭子區大豐路三段136號
潭子祥和店#04-25365465,台中市潭子區祥和路62號
潭子甘蔗店#04-25359637,台中市潭子區勝利路289號
潭子真興店#04-25368963,台中市潭子區復興路一段12號
潭子大茂店#04-25352409,台中市潭子區雅潭路二段190巷32號
潭子圓通店#04-25329989,台中市潭子區圓通南路295號
潭子榮興店#04-25351461,台中市潭子區榮興街57巷1號
潭子潭興店#04-25362175,台中市潭子區潭興路二段476號1樓
潭子頭家店#04-25348131,台中市潭子區頭張路二段112號
潭子慈濟店#04-25394626,台中市潭子區豐興路一段88號B1
台中狀元店#04-22299329,台中市中區中山路19,21號
台中日新店#04-22244999,台中市中區中華路一段109號
台中鑫華店#04-22259116,台中市中區中華路一段152號
台中新公園店#04-22231801,台中市中區公園路19之2號1樓
台中興中店#04-22239265,台中市中區公園路61號
台中市府店#04-22221606,台中市中區市府路63號
台中建民店#04-22203630,台中市中區民族路9號
台中繼成店#04-22262519,台中市中區成功路106號
台中成功店#04-22250379,台中市中區成功路66號
台中自二店#04-22261901,台中市中區自由路二段107號
台中車頭店#04-22231850,台中市中區建國路174號
大雅清泉店#04-25652050,台中市大雅區中清路四段331之2號
大雅神林店#04-25671753,台中市大雅區民生路一段361號
大雅楓林店#04-25684539,台中市大雅區民生路三段458號
大雅上楓店#04-25662482,台中市大雅區民生路四段151號一樓
大雅永和店#04-25609441,台中市大雅區永和路89號
大雅茂德店#04-25694989,台中市大雅區科雅路19號2樓(茂德科技)
大雅有春店#04-25676469,台中市大雅區雅潭路268號
大雅雅環店#04-25663474,台中市大雅區雅環路二段1號
大雅廣福店#04-25681946,台中市大雅區橫山里中山路47號1樓
神岡陞灃店#04-25631309,台中市神岡區中山路517號
神岡工業店#04-25616468,台中市神岡區北庄里中山路1120之2號
神岡社口店#04-25612334,台中市神岡區民族路56之1號
大肚大洋店#04-26911903,台中市大肚區中沙路164巷3弄103號1樓
大肚旺來店#04-26991449,台中市大肚區自由路158號
大肚王田店#04-26934823,台中市大肚區沙田路一段144之1號
大肚再勝店#04-26937160,台中市大肚區沙田路一段426-7號
大肚旺田店#04-26992807,台中市大肚區沙田路一段868號
大肚大展店#04-26999010,台中市大肚區沙田路二段686號
大肚遊園店#04-26915676,台中市大肚區遊園路一段213號
大肚瑞功店#04-26918804,台中市大肚區遊園路一段69之1號
大肚台蔗店#04-26912459,台中市大肚區遊園路二段2號
沙鹿飛航店#04-26153527,台中市沙鹿區中清路43-52號
沙鹿靜宜店#04-26313790,台中市沙鹿區中棲路200號(至善樓)
沙鹿蓋夏店#04-26311421,台中市沙鹿區中棲路200號(蓋夏館)
沙鹿弘光店#04-26335938,台中市沙鹿區北勢東路263號
沙鹿東家店#04-26318450,台中市沙鹿區北勢東路411-2號
沙鹿英才店#04-26326567,台中市沙鹿區北勢東路530號
沙鹿光華店#04-26632514,台中市沙鹿區光華路319號
沙鹿光榮店#04-26628321,台中市沙鹿區光華路359號
沙鹿大展店#04-26526030,台中市沙鹿區自強路336號1樓
沙鹿沙田店#04-26368565,台中市沙鹿區沙田路101號
沙鹿天仁店#04-26369376,台中市沙鹿區沙田路17號
沙鹿正德店#04-26529713,台中市沙鹿區屏西路98號
沙鹿鎮南店#04-26337539,台中市沙鹿區鎮南路二段268號
沙鹿鎮平店#04-26362846,台中市沙鹿區鎮南路二段95號
龍井東海店#04-26527932,台中市龍井區台中港路東園巷1弄9號
龍井沙田店#04-26367163,台中市龍井區沙田路六段187號
龍井茄投店#04-26308407,台中市龍井區茄投路67之1號
龍井新庄店#04-26520796,台中市龍井區新庄里新興路224號1樓
龍井龍后店#04-26522061,台中市龍井區新興路21號1樓
龍井海大店#04-26312703,台中市龍井區新興路東興巷48號
龍井學園店#04-26521590,台中市龍井區遊園南路297號
龍井藝術店#04-26318703,台中市龍井區藝術街92號
梧棲大庄店#04-26564091,台中市梧棲區中棲路506號
梧棲文華店#04-26560219,台中市梧棲區文華街194巷1號及3號
梧棲正港店#04-26569265,台中市梧棲區民生街61號
梧棲自強店#04-26392391,台中市梧棲區自強一街132號
梧棲港埠店#04-26584770,台中市梧棲區港埠路二段17號
清水好美店#04-26261265,台中市清水區高美路308-1號
清水高美店#04-26112405,台中市清水區高美路560號
清水鰲峰店#04-26579705,台中市清水區鰲峰路585之8號
大甲甲中店#04-26764822,台中市大甲區水源路1號
大甲水源店#04-26761668,台中市大甲區水源路450號
大甲巨大店#04-26816972,台中市大甲區順帆路3號
大甲甲上店#04-26805451,台中市大甲區蔣公路251號
大甲車頭店#04-26760418,台中市大甲區蔣公路2號
外埔國王店#04-26804324,台中市外埔區甲后路757號
台中十甲店#04-22132931,台中市東區十甲路262號
台中東英店#04-22138121,台中市東區旱溪東路一段300號
台中東園店#04-22154768,台中市東區東光園路536號
台中富台店#04-22153588,台中市東區富台里富台街62號1樓
台中長樂店#04-22134614,台中市東區樂業路342號
台中長億店#04-22657369,台中市南區工學北路67號
台中金球店#04-22656331,台中市南區工學路61號
台中忠孝夜店#04-22852580,台中市南區忠孝路102號
台中高橋店#04-23787857,台中市南區忠明南路724號
台中國際店#04-22669016,台中市南區忠明南路758號
台中金獅店#04-22633016,台中市南區東興路一段16號
台中崇倫店#04-23766132,台中市南區南屯路一段273號
台中南和店#04-22616830,台中市南區南和路197號
台中金南門店#04-22856435,台中市南區南門路57號
台中建成店#04-22858882,台中市南區建成路1629號
台中大慶店#04-24729049,台中市南區建國北路一段106號
台中帝國店#04-22600448,台中市南區美村南路153號1樓
台中大盛店#04-22605005,台中市南區美村南路191巷42號
台中柳川店#04-23756530,台中市南區美村路二段16號
台中中興店#04-22850205,台中市南區國光路250號社管大樓1樓(110室)
台中興美店#04-22600991,台中市南區復興路二段99巷18號
台中福田店#04-22614416,台中市南區福田路15號
台中金和店#04-22201810,台中市南區學府路123號
台中學府店#04-22186005,台中市南區學府路176號
台中興大店#04-22851742,台中市南區學府路51號
台中署醫店#04-22294799,台中市西區三民路一段199號
台中經典店#04-23719698,台中市西區三民路一段48號
台中精誠店#04-23208160,台中市西區大業路1號
台中廣三店#04-23255463,台中市西區中美街461號
台中全球店#04-22255085,台中市西區中華路一段1-59號
台中市民店#04-23014035,台中市西區公正路103號
台中師院店#04-22294029,台中市西區民權路189號
台中尚美店#04-23013816,台中市西區向上北路192號
台中向上店#04-23017496,台中市西區向上路一段36號
台中京華店#04-22022137,台中市西區西屯路一段156號
台中大新店#04-23195800,台中市西區東興路三段157號
台中後龍店#04-23012618,台中市西區後龍街58號
台中鑫美店#04-23284015,台中市西區美村路一段22號
台中科博館店#04-23297287,台中市西區博館路117號
台中高昇店#04-23015087,台中市西區華美街149-1號
台中樂群店#04-23712316,台中市西區樂群街61之4號
台中新民店#04-22302931,台中市北區三民路三段291巷38號
台中高雅店#04-22916368,台中市北區大雅路466號468號1樓
台中嘉勝店#04-22069198,台中市北區大德街47號1樓
台中大功店#04-22064420,台中市北區公園路146號
台中水莊店#04-22065321,台中市北區文化街13號
台中東義店#04-22919343,台中市北區文心路四段190之8號
台中北屯店#04-22332903,台中市北區北屯路45號
台中育德店#04-22039666,台中市北區育德路108號
台中東成店#04-22345768,台中市北區東成路20號
台中福多店#04-22929761,台中市北區陜西路63號
台中永興店#04-22360356,台中市北區健行路375號
台中健興店#04-22085683,台中市北區健行路786號
台中北德店#04-22365593,台中市北區崇德路二段67號
台中館東店#04-23272118,台中市北區博館東街48號1樓
台中進學店#04-22356458,台中市北區進化北路325號
台中遠大店#04-22383593,台中市北區綏遠路一段8號
台中上發店#04-22914739,台中市北區漢口路三段88號
台中漢口店#04-22922475,台中市北區漢口路四段56號1樓
台中漢文店#04-22928648,台中市北區漢口路四段57號
台中篤行店#04-22023520,台中市北區篤行路188號
台中興安店#04-22460995,台中市北屯區大連路三段137號
台中中泰店#04-22956901,台中市北屯區中清路99之61號
台中太原店#04-22384187,台中市北屯區太原路三段141號1樓
台中睿景店#04-24361805,台中市北屯區太原路三段849號
台中大向店#04-22318703,台中市北屯區北屯路210之3號
台中北新店#04-22434763,台中市北屯區北屯路288號
台中四平店#04-22965197,台中市北屯區四平路35之6號
台中仁美店#04-24226445,台中市北屯區昌平東二路179號
台中昌平店#04-22444248,台中市北屯區昌平路二段5–1號
台中水景店#04-24362774,台中市北屯區東山路一段196-1號
台中東光店#04-24360567,台中市北屯區東光路886號1樓
台中福路店#04-24350192,台中市北屯區松竹五路226號1樓
台中真義店#04-22479532,台中市北屯區松義街160號
台中軍功店#04-24374670,台中市北屯區軍功路一段497號1樓
台中昌盛店#04-22479842,台中市北屯區崇德二路一段259號1樓
台中崇大店#04-22477685,台中市北屯區崇德路二段276號
台中崇德店#04-22429360,台中市北屯區崇德路二段351號
台中敦化店#04-22920301,台中市北屯區敦化路370號
台中樂樂店#04-22365516,台中市北屯區熱河路二段119號
台中熱河店#04-22438041,台中市北屯區熱河路二段164號
台中崇河店#04-22462982,台中市北屯區熱河路三段42號
台中松茂店#04-22473340,台中市北屯區興安路二段461巷2號
台中遼寧店#04-22471695,台中市北屯區遼寧路一段158號
台中福揚店#04-23105615,台中市西屯區大墩十九街188號
台中樂活店#04-23271767,台中市西屯區大墩十九街18號
台中福和店#04-23595806,台中市西屯區工業三十八路3號
台中天保店#04-23587991,台中市西屯區中工三路214之1號
台中工三店#04-23507237,台中市西屯區中工三路75號
台中大昇店#04-24264380,台中市西屯區中康街141號
台中福港店#04-23592976,台中市西屯區中港路三段89號
台中逢大店#04-27013453,台中市西屯區文華路102號
台中福大店#04-27068872,台中市西屯區文華路200號
台中文華店#04-24514285,台中市西屯區文華路3之3號
台中朝馬店#04-27061509,台中市西屯區台中港路二段126之7號
台中光明店#04-27069670,台中市西屯區台中港路二段218號
台中榮總店#04-23581973,台中市西屯區台中港路三段160號
台中榮大店#-,台中市西屯區台中港路三段160號B1
台中東海二店#04-23591413,台中市西屯區台中港路三段181號(女宿)
台中東海一店#04-23594918,台中市西屯區台中港路三段181號(男宿)
台中東海活店#04-23595412,台中市西屯區台中港路三段181號(產學大樓)
台中東海三店#04-23591405,台中市西屯區台中港路三段181號(新宿)
台中桂冠店#04-23111149,台中市西屯區四川路79號
台中福樂店#04-24634448,台中市西屯區永福路136號1樓
台中惠安店#04-23154623,台中市西屯區甘肅路一段18號
台中至真店#04-24527522,台中市西屯區至善路236號
台中豐盛店#04-23179406,台中市西屯區西屯路二段126之13號
台中至尊店#04-27087147,台中市西屯區西屯路二段268號
台中西屯店#04-23179256,台中市西屯區西屯路二段90之22號
台中福科店#04-24615098,台中市西屯區西屯路三段159之80號
台中福鄰店#04-24616177,台中市西屯區西屯路三段166之25號
台中福美店#04-27069053,台中市西屯區西安街91號
台中惠慶店#04-24527462,台中市西屯區河南路二段301巷76號
台中河南店#04-27079502,台中市西屯區河南路二段325號
台中長安店#04-22961265,台中市西屯區長安路二段267及269號1樓
台中尚青店#04-23126905,台中市西屯區青海路一段23號
台中儷晶店#04-24525281,台中市西屯區青海路二段153號
台中福甲店#04-27065430,台中市西屯區逢甲路20巷24號
台中藍天店#04-22519236,台中市西屯區惠來路二段240號1樓
台中惠來店#04-23174655,台中市西屯區惠來路三段248號
台中朝貴店#04-22511253,台中市西屯區朝馬路141號
台中世貿二店#04-22548942,台中市西屯區朝富路16號,18號
台中朝富店#04-22547347,台中市西屯區朝富路176號
台中世貿店#04-22541296,台中市西屯區朝富路18之5號
台中大富店#04-22541197,台中市西屯區朝富路62號
台中漢武店#04-23148135,台中市西屯區漢口路二段126號
台中福華店#04-24635723,台中市西屯區福安路57號
台中福滿店#04-24529228,台中市西屯區福星路301號
台中福瑞店#04-24620660,台中市西屯區福瑞街118號
台中福聯店#04-24629402,台中市西屯區福聯路52號
台中上雅店#04-24263052,台中市西屯區環中路一段1850號
台中八寶店#04-24522224,台中市西屯區寶慶街42之1號1樓
台中大業店#04-23100979,台中市南屯區大業路184號
台中大英店#04-23106077,台中市南屯區大業路271號
台中墩鴻店#04-23207680,台中市南屯區大墩十一街290號
台中傑盛店#04-22525201,台中市南屯區大墩十一街372號
台中大河店#04-22511440,台中市南屯區大墩十一街642號
台中田心店#04-24734909,台中市南屯區大墩六街261號
台中大鼎店#04-24731752,台中市南屯區大墩南路332號
台中干城店#04-22544455,台中市南屯區干城街285號
台中五福店#04-24714502,台中市南屯區五權西路二段2號一樓
台中嶺南店#04-23861284,台中市南屯區五權西路三段179號
台中大進店#04-23192334,台中市南屯區公益路二段39號
台中親家店#04-23867500,台中市南屯區文山八街66號及68號
台中向心店#04-24717395,台中市南屯區文心路一段93號
台中金美店#04-23816217,台中市南屯區永定里14鄰南屯路二段872號
台中鼎豐店#04-23809208,台中市南屯區永春東一路719號
台中金春店#04-23806813,台中市南屯區永春南路61巷16號
台中永春店#04-23861613,台中市南屯區永春路37號
台中天助店#04-23815483,台中市南屯區向上路二段433號
台中忠勇店#04-23865853,台中市南屯區忠勇路70之8號
台中東興店#04-24712047,台中市南屯區東興路二段281號1樓
台中東二店#04-24723351,台中市南屯區東興路二段62號
台中惠文店#04-22584215,台中市南屯區河南路四段326號
台中風華店#04-23816211,台中市南屯區河南路四段692號
台中金南屯店#04-24734538,台中市南屯區南屯路二段159號
台中建功店#04-23817852,台中市南屯區建功路107之38號
台中嶺東店#04-23829243,台中市南屯區春社里永春南路125號
台中林新店#04-22510100,台中市南屯區惠中路三段36號
台中楓樹店#04-24700620,台中市南屯區黎明路一段255號
台中新文山店#04-23805475,台中市南屯區嶺東路730號
太平新興店#04-23912018,台中市太平區大興十一街207號
太平勤利店#04-23931412,台中市太平區中山路一段215巷19號
太平水林店#04-23915427,台中市太平區中山路二段118號
太平中華店#04-23936935,台中市太平區中山路二段441號
太平新中店#04-23910981,台中市太平區中山路三段142號
太平凱悅店#04-22774862,台中市太平區中平九街66號
太平永平店#04-22732879,台中市太平區永平路一段63號
太平永成店#04-22767929,台中市太平區永成北路191號1樓
太平永豐店#04-22786202,台中市太平區永豐路83號1樓
太平光德店#04-22712683,台中市太平區光德路101號
太平光興店#04-22704228,台中市太平區光興路1072號
太平金盛店#04-22704717,台中市太平區成功東路267號
太平育賢店#04-23935507,台中市太平區育賢路156號
太平東村店#04-22764188,台中市太平區東平里13鄰東村三街6號
太平永益店#04-22774868,台中市太平區長億六街53號
太平建興店#04-22762588,台中市太平區建興路266及268號
太平再福店#04-23950290,台中市太平區振福路427號
太平新甲店#04-22736455,台中市太平區新仁路一段42號
太平宜欣店#04-22731051,台中市太平區新平路二段175號
太平建昌店#04-22737247,台中市太平區新平路二段82號
太平育仁店#04-23912587,台中市太平區新平路三段146號
太平新平店#04-23913674,台中市太平區新平路三段347號
太平精美店#04-22763552,台中市太平區精美路2號
太平廣三店#04-23955174,台中市太平區廣三街33號
太平金城店#04-23955137,台中市太平區樹德路275號
